Date,Open,High,Low,Close,Adj Close,Volume
04/01/2016,64.709999,66.760002,64.099998,66.720001,66.720001,2126900
05/01/2016,70.559998,72.120003,70.110001,72.029999,72.029999,6385400
06/01/2016,71,71.449997,68.419998,69.519997,69.519997,2947100
07/01/2016,67.639999,68.699997,65.349998,66.220001,66.220001,4091000
08/01/2016,67.43,67.949997,64.730003,65.620003,65.620003,3035700
11/01/2016,65.839996,66.720001,64.370003,65.419998,65.419998,1744400
12/01/2016,65.980003,66.540001,63.07,65.220001,65.220001,2307800
13/01/2016,65.519997,66.269997,61.080002,61.369999,61.369999,2544400
14/01/2016,60.799999,62.599998,57.540001,61.779999,61.779999,3851500
15/01/2016,59.580002,61.639999,58.799999,61.32,61.32,2377300
19/01/2016,62.209999,63.150002,60.740002,61.490002,61.490002,2236300
20/01/2016,60.400002,62,57.200001,61.27,61.27,3311500
21/01/2016,61.290001,64.529999,60.860001,63.23,63.23,2420000
22/01/2016,65.099998,66.940002,64.290001,66.440002,66.440002,3006000
25/01/2016,66.559998,66.589996,63.93,64.139999,64.139999,1866000
26/01/2016,64.760002,67.599998,64.440002,67.400002,67.400002,1920800
27/01/2016,66.93,67.730003,65.220001,65.639999,65.639999,1893400
28/01/2016,66.849998,67.43,64.18,65.879997,65.879997,2228100
29/01/2016,65.919998,68.699997,65.800003,68.660004,68.660004,2328800
01/02/2016,68.099998,69.769997,66.739998,69.129997,69.129997,1963500
02/02/2016,68.050003,68.739998,65.610001,66.129997,66.129997,1967500
03/02/2016,66.940002,67.150002,64.099998,66.489998,66.489998,1760700
04/02/2016,66.389999,68.489998,66.050003,67.199997,67.199997,1672800
05/02/2016,66.709999,66.879997,64.860001,65.07,65.07,1656900
08/02/2016,63.5,65.07,62.959999,64.18,64.18,2133200
09/02/2016,63.029999,66.849998,62.540001,66.480003,66.480003,2393100
10/02/2016,64.660004,65.720001,63.790001,64.410004,64.410004,2386200
11/02/2016,63,64.07,60.099998,61.360001,61.360001,3052000
12/02/2016,62.299999,62.799999,58.080002,60.990002,60.990002,2939900
16/02/2016,61.98,63.310001,61.669998,63.049999,63.049999,1652300
17/02/2016,63.700001,64.199997,62.169998,63.470001,63.470001,2212900
18/02/2016,64.290001,64.830002,62.5,63.540001,63.540001,1803300
19/02/2016,63.029999,63.5,61.439999,62.759998,62.759998,1721200
22/02/2016,63.560001,65.559998,63.450001,64.230003,64.230003,2374500
23/02/2016,63.799999,64.559998,61.27,61.790001,61.790001,3264100
24/02/2016,63.959999,70.57,63.950001,69.449997,69.449997,7957900
25/02/2016,69.330002,72.519997,68.540001,72.25,72.25,5107500
26/02/2016,72.25,73.370003,69.879997,70.25,70.25,3541700
29/02/2016,70.279999,73.709999,70.019997,71.870003,71.870003,3395300
01/03/2016,71.360001,71.410004,68.370003,69.019997,69.019997,3348300
02/03/2016,68.949997,70.599998,68.529999,69.139999,69.139999,2038100
03/03/2016,69.580002,70.5,68.660004,69.709999,69.709999,1705800
04/03/2016,70.160004,71.209999,68.709999,69.519997,69.519997,1926500
07/03/2016,69.169998,70.489998,68.349998,69.18,69.18,1357800
08/03/2016,68.449997,69.169998,66.580002,66.870003,66.870003,1725300
09/03/2016,67.290001,68.75,66.709999,68.489998,68.489998,1566100
10/03/2016,68.32,69.529999,67.809998,69.25,69.25,1666300
11/03/2016,70,70.559998,68.510002,70.32,70.32,1861400
14/03/2016,70.349998,71.18,69.599998,70.889999,70.889999,1303900
15/03/2016,70.25,70.989998,69.860001,70.779999,70.779999,1283000
16/03/2016,70.150002,73.190002,70.029999,72.059998,72.059998,2329900
17/03/2016,72.389999,73.529999,71.699997,73.209999,73.209999,1635300
18/03/2016,73.43,74.290001,72.300003,72.440002,72.440002,2284300
21/03/2016,72.209999,72.620003,71.040001,71.239998,71.239998,1598300
22/03/2016,70.620003,71.57,70.230003,71.290001,71.290001,1369000
23/03/2016,71.25,71.300003,68.139999,68.230003,68.230003,1925100
24/03/2016,67.980003,68.839996,66.610001,68.459999,68.459999,1512000
28/03/2016,68.550003,69.300003,67.529999,68.400002,68.400002,1335200
29/03/2016,68.150002,69.720001,67.760002,69.300003,69.300003,1260500
30/03/2016,69.879997,70.290001,68.910004,68.970001,68.970001,1268200
31/03/2016,68.730003,69.639999,68.400002,68.470001,68.470001,1392500
01/04/2016,67.879997,68.470001,66.779999,67.480003,67.480003,1794900
04/04/2016,67.360001,69.010002,67.089996,67.239998,67.239998,1578300
05/04/2016,65.230003,65.970001,62.299999,62.419998,62.419998,4834700
06/04/2016,62.919998,63.59,61.470001,62.759998,62.759998,3187900
07/04/2016,62.43,62.799999,60.759998,61.259998,61.259998,2425500
08/04/2016,61.950001,62.139999,60.27,60.630001,60.630001,2147600
11/04/2016,61,61.209999,59.630001,59.959999,59.959999,2363200
12/04/2016,59.93,60.849998,59.5,60.34,60.34,1488300
13/04/2016,61.25,63.09,61.040001,61.650002,61.650002,2624000
14/04/2016,61.580002,61.619999,60.380001,60.419998,60.419998,1801800
15/04/2016,60.330002,60.939999,59.27,59.59,59.59,1692900
18/04/2016,59.43,60.689999,59,60.360001,60.360001,1208900
19/04/2016,60.59,61.490002,60.169998,60.52,60.52,1280600
20/04/2016,60.41,62.599998,60.02,61.720001,61.720001,1900800
21/04/2016,61.799999,62.689999,61.66,61.939999,61.939999,1481600
22/04/2016,62.23,62.77,61.23,61.540001,61.540001,1475600
25/04/2016,61.16,61.34,60.18,60.389999,60.389999,1476400
26/04/2016,60.599998,61.34,60.459999,61.240002,61.240002,1369700
27/04/2016,61.110001,62.139999,61.029999,62.029999,62.029999,2947600
28/04/2016,59.049999,59.41,56.880001,57.02,57.02,6931400
29/04/2016,56.93,57.209999,55.189999,55.84,55.84,3341500
02/05/2016,56.259998,56.32,54.540001,54.849998,54.849998,2505500
03/05/2016,54.540001,54.540001,52.709999,52.849998,52.849998,3035200
04/05/2016,52.459999,52.669998,51.32,51.779999,51.779999,2872300
05/05/2016,52.25,52.509998,51.610001,51.959999,51.959999,2098600
06/05/2016,51.869999,52.599998,51.369999,51.799999,51.799999,1787400
09/05/2016,51.779999,51.790001,50.029999,50.599998,50.599998,1489800
10/05/2016,50,51.5,49.91,51.27,51.27,2578600
11/05/2016,51.509998,51.970001,50.689999,50.740002,50.740002,1901100
12/05/2016,50.950001,51.470001,49,49.09,49.09,2457200
13/05/2016,49.049999,49.799999,48.490002,48.560001,48.560001,1982500
16/05/2016,48.849998,49.740002,48.75,49.07,49.07,1612600
17/05/2016,49.07,49.299999,48.330002,48.509998,48.509998,1772400
18/05/2016,48.169998,49.669998,48.049999,48.709999,48.709999,1765600
19/05/2016,48.400002,48.889999,46.669998,47.09,47.09,3056100
20/05/2016,47.369999,48.23,47,48.02,48.02,1967900
23/05/2016,48.110001,49.77,48.110001,49.040001,49.040001,2278800
24/05/2016,49.57,50.669998,49.360001,50.459999,50.459999,2525500
25/05/2016,51.009998,51.330002,49.939999,50.560001,50.560001,2026300
26/05/2016,50.419998,50.509998,49.279999,49.73,49.73,1553400
27/05/2016,49.630001,50.09,49.279999,49.900002,49.900002,1059100
31/05/2016,49.919998,50.43,49.310001,49.650002,49.650002,1644800
01/06/2016,49.779999,50.279999,48.849998,50.07,50.07,1573800
02/06/2016,49.580002,50.330002,49.400002,49.84,49.84,1255400
03/06/2016,49.93,50.169998,48.84,49.25,49.25,1445600
06/06/2016,49.060001,50.220001,49.060001,50.150002,50.150002,1557100
07/06/2016,50.450001,51,49.970001,50.549999,50.549999,1386500
08/06/2016,50.720001,51.299999,50.200001,50.93,50.93,1489900
09/06/2016,50.740002,51.279999,50.240002,50.450001,50.450001,1440200
10/06/2016,49.959999,50,48.200001,48.509998,48.509998,1672600
13/06/2016,48.040001,48.389999,47.360001,47.790001,47.790001,1827400
14/06/2016,47.740002,48.240002,47.220001,47.889999,47.889999,1549600
15/06/2016,47.959999,49,47.93,48.200001,48.200001,1356500
16/06/2016,47.889999,48.540001,47.110001,48.389999,48.389999,1315300
17/06/2016,48.43,49.02,48.23,48.52,48.52,1600800
20/06/2016,49.400002,50.400002,49.259998,49.32,49.32,1744600
21/06/2016,49.400002,49.509998,48,48.91,48.91,1343100
22/06/2016,49.299999,49.330002,48.560001,48.619999,48.619999,1075800
23/06/2016,49.080002,49.330002,48.189999,48.650002,48.650002,1275700
24/06/2016,46.509998,47.490002,45.73,46.02,46.02,2064900
27/06/2016,45.18,45.450001,43.700001,44.23,44.23,2580900
28/06/2016,44.990002,46.450001,44.799999,46.369999,46.369999,1888700
29/06/2016,47.169998,48.349998,46.98,48.09,48.09,2671500
30/06/2016,48.259998,48.5,47.689999,48.48,48.48,2431200
01/07/2016,48.389999,48.77,48.130001,48.490002,48.490002,1490500
05/07/2016,48.209999,48.279999,47.049999,47.77,47.77,1896700
06/07/2016,47.689999,49.18,47.07,49.130001,49.130001,3521400
07/07/2016,47.5,47.619999,44.060001,44.34,44.34,10446700
08/07/2016,44.689999,45.759998,44.650002,45.599998,45.599998,3572600
11/07/2016,45,46.689999,44.919998,46.490002,46.490002,2939100
12/07/2016,46.860001,47.48,46.450001,46.990002,46.990002,2048500
13/07/2016,47.25,47.400002,46.139999,46.200001,46.200001,1529400
14/07/2016,46.669998,47.740002,46.560001,47.349998,47.349998,1849500
15/07/2016,47.59,47.810001,46.560001,47.73,47.73,2027000
18/07/2016,47.919998,48.07,47.349998,47.950001,47.950001,2272900
19/07/2016,47.93,48.07,47.48,47.740002,47.740002,1147000
20/07/2016,47.93,48.93,47.799999,48.43,48.43,1999200
21/07/2016,48.59,49.25,48.189999,48.330002,48.330002,1683100
22/07/2016,48.43,48.68,47.34,48.119999,48.119999,1677900
25/07/2016,48,48.119999,47.400002,47.990002,47.990002,1074200
26/07/2016,48.139999,48.740002,48.02,48.580002,48.580002,1206200
27/07/2016,49.060001,49.189999,48.259998,48.549999,48.549999,1107700
28/07/2016,48.59,48.900002,46.900002,47.130001,47.130001,1865300
29/07/2016,47.25,47.439999,46.52,46.68,46.68,1684600
01/08/2016,46.91,47.580002,46.75,47.380001,47.380001,2413100
02/08/2016,47.25,47.77,46.810001,47.759998,47.759998,2985900
03/08/2016,47.529999,49.279999,47.52,49.240002,49.240002,4430100
04/08/2016,49.48,49.5,42.77,43.720001,43.720001,18975900
05/08/2016,44.139999,44.330002,43.27,44.110001,44.110001,4496000
08/08/2016,44.299999,44.860001,43.630001,43.810001,43.810001,2665700
09/08/2016,43.77,43.810001,41.619999,41.66,41.66,5356900
10/08/2016,40.310001,40.5,36.830002,38.66,38.66,14023300
11/08/2016,39.59,39.700001,38.73,39.009998,39.009998,3951800
12/08/2016,39.07,39.119999,38.23,38.790001,38.790001,3254600
15/08/2016,38.880001,38.950001,38.310001,38.330002,38.330002,2730500
16/08/2016,38.290001,38.330002,37.369999,37.740002,37.740002,3186700
17/08/2016,37.580002,37.650002,36.75,36.889999,36.889999,3769000
18/08/2016,37.709999,38.279999,37.25,37.52,37.52,3773200
19/08/2016,37.549999,38.200001,37.220001,37.799999,37.799999,2942000
22/08/2016,37.799999,37.869999,37.130001,37.68,37.68,2390700
23/08/2016,37.740002,38,37.380001,37.450001,37.450001,1701100
24/08/2016,37.330002,37.84,37.150002,37.32,37.32,2468800
25/08/2016,37.150002,37.279999,36.799999,37.040001,37.040001,2584900
26/08/2016,37.32,38.139999,37.25,37.529999,37.529999,2969700
29/08/2016,37.689999,38.040001,37.5,37.59,37.59,2203200
30/08/2016,37.5,38.279999,37.5,38.25,38.25,2310500
31/08/2016,37.759998,37.889999,37.279999,37.82,37.82,2700000
01/09/2016,37.82,38.470001,37.669998,38.439999,38.439999,2409400
02/09/2016,38.490002,39.09,38.110001,38.18,38.18,2501200
06/09/2016,38.470001,39.310001,38.119999,38.98,38.98,3331800
07/09/2016,39,39.099998,38,38.490002,38.490002,2198400
08/09/2016,37.779999,38.580002,37.509998,38.470001,38.470001,2945200
09/09/2016,38.240002,38.439999,37.130001,37.130001,37.130001,2727000
12/09/2016,36.900002,37.5,36.369999,37.43,37.43,2470100
13/09/2016,37.07,37.200001,36.169998,36.419998,36.419998,2660000
14/09/2016,36.310001,36.450001,34.5,35.029999,35.029999,5061900
15/09/2016,35,35.400002,34.5,35.349998,35.349998,4546600
16/09/2016,35.150002,35.450001,34.369999,34.82,34.82,3227200
19/09/2016,35,35.200001,34.400002,34.419998,34.419998,2546200
20/09/2016,34.650002,34.650002,33.740002,34,34,2839900
21/09/2016,34.099998,34.57,33.860001,34.029999,34.029999,2537900
22/09/2016,34.360001,35.880001,34.080002,35.419998,35.419998,4032400
23/09/2016,35.369999,37.450001,35.360001,37.060001,37.060001,4412900
26/09/2016,36.869999,37.43,36.349998,37.25,37.25,3196800
27/09/2016,37.380001,39.110001,37.299999,39.09,39.09,4312500
28/09/2016,39.009998,39.669998,38.240002,39.080002,39.080002,3294800
29/09/2016,39.060001,40.330002,38.900002,39.080002,39.080002,3488100
30/09/2016,39.220001,39.849998,39.029999,39.490002,39.490002,2818100
03/10/2016,39.650002,39.650002,38.380001,38.57,38.57,2388400
04/10/2016,38.630001,38.75,37.869999,38.209999,38.209999,2376200
05/10/2016,38.52,39.880001,38.450001,39.740002,39.740002,2665100
06/10/2016,39.939999,40.049999,39.060001,39.75,39.75,2082600
07/10/2016,38.82,39.099998,37.23,37.580002,37.580002,4532400
10/10/2016,37.799999,38.669998,37.689999,38.580002,38.580002,2008000
11/10/2016,38.560001,38.990002,38.009998,38.279999,38.279999,1447900
12/10/2016,38.119999,38.32,37.470001,38.240002,38.240002,1349500
13/10/2016,37.75,39.09,37.490002,38.68,38.68,1794200
14/10/2016,39.009998,39.950001,39.009998,39.470001,39.470001,1974400
17/10/2016,39.5,39.73,38.619999,39.299999,39.299999,1971200
18/10/2016,39.669998,39.970001,39.18,39.57,39.57,1899400
19/10/2016,39.66,42.5,39.549999,41.919998,41.919998,4860400
20/10/2016,41.509998,42.18,41.169998,42.080002,42.080002,2791000
21/10/2016,41.919998,42.32,41.330002,42.25,42.25,2664500
24/10/2016,42.43,42.900002,40.75,40.869999,40.869999,2521200
25/10/2016,40.990002,41.279999,40.349998,40.68,40.68,2526000
26/10/2016,40.5,41.540001,40.400002,41.110001,41.110001,1525900
27/10/2016,41.52,41.700001,40.790001,41.060001,41.060001,1614700
28/10/2016,41.09,41.330002,40.169998,40.650002,40.650002,2284000
31/10/2016,40.700001,41.139999,40.389999,40.490002,40.490002,1696600
01/11/2016,40.57,41.25,40.279999,41.049999,41.049999,2798300
02/11/2016,40.799999,41.23,40.32,40.580002,40.580002,3735600
03/11/2016,38.5,38.599998,32.900002,34.509998,34.509998,19076600
04/11/2016,34.380001,34.400002,32.41,32.48,32.48,7940700
07/11/2016,33.630001,34.099998,33.32,33.759998,33.759998,4627100
08/11/2016,33.73,33.849998,32.860001,33.490002,33.490002,3343400
09/11/2016,30.91,32.759998,30.85,32.099998,32.099998,7958800
10/11/2016,32.419998,32.740002,31.030001,31.950001,31.950001,4974700
11/11/2016,31.57,32.209999,31.35,32.060001,32.060001,3493500
14/11/2016,32.380001,33.439999,32.189999,33.080002,33.080002,3603000
15/11/2016,33.16,33.490002,32.560001,33.189999,33.189999,3807100
16/11/2016,33.029999,33.130001,32.279999,32.82,32.82,3913700
17/11/2016,29.049999,32.490002,28.6,31.16,31.16,12617000
18/11/2016,30.540001,30.950001,29.049999,29.209999,29.209999,7522600
21/11/2016,29.41,29.67,28.879999,29.379999,29.379999,4460300
22/11/2016,29.469999,30,29.290001,29.66,29.66,3961200
23/11/2016,29.450001,29.82,28.84,29.780001,29.780001,2466400
25/11/2016,29.799999,31.059999,29.790001,30.6,30.6,2350200
28/11/2016,30.709999,31.469999,30.57,31.110001,31.110001,2808000
29/11/2016,31.1,31.389999,29.77,29.950001,29.950001,4011300
30/11/2016,30.33,30.75,29.809999,30.32,30.32,2903300
01/12/2016,30.469999,30.799999,29.65,30.139999,30.139999,2363700
02/12/2016,30.219999,30.709999,29.99,30.15,30.15,2310300
05/12/2016,30.18,32.52,30.18,32.349998,32.349998,4769800
06/12/2016,32.459999,32.5,31.309999,32.049999,32.049999,2946400
07/12/2016,32.169998,33.869999,31.85,33.59,33.59,3445400
08/12/2016,33.740002,33.779999,32.779999,33.169998,33.169998,2276100
09/12/2016,33.310001,33.830002,33.07,33.540001,33.540001,2052900
12/12/2016,33.59,34.279999,33.389999,33.700001,33.700001,1919000
13/12/2016,33.869999,33.990002,33.029999,33.619999,33.619999,1859800
14/12/2016,33.630001,33.689999,32.470001,32.540001,32.540001,2150400
15/12/2016,32.639999,33.060001,32.07,32.610001,32.610001,1299400
16/12/2016,32.77,35.110001,32.610001,35.110001,35.110001,5523100
19/12/2016,35,35.41,34.560001,34.98,34.98,2504900
20/12/2016,35.07,35.52,34.169998,34.470001,34.470001,2044900
21/12/2016,34.5,34.650002,33.18,33.200001,33.200001,2087300
22/12/2016,33.049999,33.099998,32.080002,32.68,32.68,2130400
23/12/2016,32.619999,32.98,32.25,32.619999,32.619999,1056500
27/12/2016,32.75,34.220001,32.73,33.990002,33.990002,1965700
28/12/2016,34.099998,34.23,32.709999,32.799999,32.799999,1739300
29/12/2016,32.849998,33.209999,32.41,32.57,32.57,1687200
30/12/2016,32.599998,32.790001,31.940001,32.09,32.09,2076100
03/01/2017,32.610001,33.66,32.099998,33.540001,33.540001,2664800
04/01/2017,33.689999,34.509998,33.599998,34.169998,34.169998,2478500
05/01/2017,33.869999,34.16,33.5,33.880001,33.880001,1954900
06/01/2017,34.07,34.080002,33.299999,33.32,33.32,1277400
09/01/2017,33.380001,33.700001,33.02,33.57,33.57,1217500
10/01/2017,33.59,33.779999,33.009998,33.389999,33.389999,1198000
11/01/2017,33.34,35.25,33.209999,35,35,3155400
12/01/2017,35.049999,35.110001,34.25,34.869999,34.869999,1303600
13/01/2017,34.91,36.41,34.73,35.75,35.75,1998900
17/01/2017,35.689999,36.09,34.990002,35.169998,35.169998,1928800
18/01/2017,35.220001,35.330002,34.099998,34.41,34.41,1462700
19/01/2017,34.5,35.130001,34.16,34.419998,34.419998,1459800
20/01/2017,34.639999,35.240002,34.509998,34.75,34.75,1260800
23/01/2017,34.75,34.790001,33.119999,33.66,33.66,1926000
24/01/2017,33.880001,33.880001,32.470001,32.529999,32.529999,2781900
25/01/2017,32.689999,33.18,32.59,32.900002,32.900002,1532500
26/01/2017,32.830002,33.139999,32.110001,32.279999,32.279999,1871100
27/01/2017,32.59,32.779999,31.379999,31.48,31.48,2380400
30/01/2017,31.32,31.35,30.610001,31.02,31.02,2146700
31/01/2017,30.83,31.200001,30.34,31.190001,31.190001,1656600
01/02/2017,31.4,31.9,30.799999,31.790001,31.790001,1804700
02/02/2017,31.719999,32.169998,31.42,31.59,31.59,1759100
03/02/2017,31.75,32.279999,31.67,32.150002,32.150002,1287400
06/02/2017,32.41,32.41,31.790001,32.130001,32.130001,1004100
07/02/2017,32.139999,32.209999,31.57,31.790001,31.790001,1063900
08/02/2017,31.639999,31.700001,31.110001,31.549999,31.549999,939600
09/02/2017,31.709999,32.599998,31.65,32.23,32.23,1300200
10/02/2017,32.220001,33.380001,31.99,32.849998,32.849998,2081400
13/02/2017,33.150002,33.759998,32.889999,33.330002,33.330002,1504100
14/02/2017,33.25,33.959999,32.790001,33.919998,33.919998,1605500
15/02/2017,34.040001,34.82,33.73,34.73,34.73,2310400
16/02/2017,34.200001,35.470001,33.75,34.110001,34.110001,2904100
17/02/2017,34.049999,34.900002,33.5,34.84,34.84,2396800
21/02/2017,35.389999,36.860001,35.139999,36.619999,36.619999,5234500
22/02/2017,35.509998,36.150002,33.490002,33.57,33.57,10948700
23/02/2017,33.689999,37.84,33.689999,37.189999,37.189999,11859200
24/02/2017,36.43,38.5,36.360001,37.900002,37.900002,5720000
27/02/2017,38.07,38.169998,37.009998,37.830002,37.830002,3008400
28/02/2017,36.639999,37.689999,36.009998,36.189999,36.189999,3329800
01/03/2017,36.540001,36.880001,34.720001,35.02,35.02,3713300
02/03/2017,35.099998,35.880001,34.810001,35.52,35.52,2126000
03/03/2017,35.630001,35.650002,34.279999,34.610001,34.610001,2209200
06/03/2017,34.43,34.5,33.040001,33.330002,33.330002,2150900
07/03/2017,33.139999,33.490002,32.470001,32.630001,32.630001,1857800
08/03/2017,32.77,33.169998,32.509998,32.66,32.66,1432600
09/03/2017,32.560001,32.77,32.119999,32.48,32.48,1226300
10/03/2017,32.52,32.849998,32.029999,32.400002,32.400002,1398800
13/03/2017,32.110001,32.860001,31.93,32.84,32.84,2121800
14/03/2017,32.540001,32.580002,31.969999,32.07,32.07,2499000
15/03/2017,32.060001,33.150002,31.860001,33,33,2381100
16/03/2017,33.18,34.049999,32.860001,32.98,32.98,1965200
17/03/2017,32.98,33.25,31.809999,31.83,31.83,18504500
20/03/2017,32.119999,32.119999,29.709999,30.34,30.34,8046900
21/03/2017,30.07,30.35,29.01,29.040001,29.040001,4862000
22/03/2017,29,29.16,28.049999,28.870001,28.870001,4858200
23/03/2017,28.85,29.25,28.51,28.58,28.58,2599300
24/03/2017,28.65,28.85,28.110001,28.309999,28.309999,3326000
27/03/2017,28.120001,28.549999,27.75,28.23,28.23,2421800
28/03/2017,28.049999,28.530001,28.040001,28.280001,28.280001,2423400
29/03/2017,28.33,28.65,28.01,28.030001,28.030001,2471000
30/03/2017,27.91,28.09,27.120001,27.469999,27.469999,3541500
31/03/2017,27.5,27.889999,27.08,27.1,27.1,3718600
03/04/2017,27.17,27.25,26.219999,26.33,26.33,4870500
04/04/2017,26.290001,27.65,26.08,26.82,26.82,5850600
05/04/2017,27,27.4,26.549999,26.58,26.58,3576000
06/04/2017,26.040001,27.5,25.559999,26.620001,26.620001,4492400
07/04/2017,26.6,27.049999,26.450001,26.809999,26.809999,3175400
10/04/2017,26.83,28.219999,26.809999,27.969999,27.969999,4673100
11/04/2017,28,28.24,27.67,28.1,28.1,3002100
12/04/2017,28.1,28.17,27.66,27.91,27.91,2604900
13/04/2017,27.860001,28.059999,27.41,27.42,27.42,2425400
17/04/2017,27.42,27.65,27,27.34,27.34,1811900
18/04/2017,27.110001,27.27,26.709999,26.889999,26.889999,2132200
19/04/2017,27.049999,27.27,26.51,26.540001,26.540001,2093200
20/04/2017,26.75,27.02,26.41,26.74,26.74,2494300
21/04/2017,26.709999,27,26.68,26.799999,26.799999,2033300
24/04/2017,27.280001,27.440001,26.780001,27.08,27.08,2513600
25/04/2017,27.280001,28.049999,27.08,27.540001,27.540001,2465300
26/04/2017,27.52,29.200001,27.41,28.99,28.99,5850600
27/04/2017,29.51,29.959999,28.379999,29.440001,29.440001,5508500
28/04/2017,29.450001,30.5,29.24,29.549999,29.549999,4188100
01/05/2017,29.99,30.030001,29.23,29.549999,29.549999,2902700
02/05/2017,29.799999,30.709999,29.41,30.32,30.32,5719000
03/05/2017,32.5,36.27,32.150002,33.91,33.91,17584000
04/05/2017,34.900002,34.970001,33.810001,34.240002,34.240002,5844000
05/05/2017,34.200001,34.93,33.549999,34.540001,34.540001,4045500
08/05/2017,34.540001,35.419998,34.18,35.150002,35.150002,3289500
09/05/2017,35.169998,36.209999,34.439999,35.779999,35.779999,3094800
10/05/2017,35.630001,36.860001,35.509998,36.57,36.57,3640000
11/05/2017,36.43,37.099998,36.07,36.619999,36.619999,2198900
12/05/2017,36.59,36.599998,35.75,36.380001,36.380001,2046700
15/05/2017,36.549999,37.669998,36.34,37.209999,37.209999,2570700
16/05/2017,37.259998,37.299999,36.57,36.779999,36.779999,1788200
17/05/2017,36.060001,36.490002,34.950001,34.98,34.98,3244200
18/05/2017,34.580002,35.380001,33.27,34.959999,34.959999,6435500
19/05/2017,35.189999,36.68,35.119999,36.34,36.34,3217100
22/05/2017,36.07,36.669998,35.860001,36.43,36.43,2450800
23/05/2017,36.549999,37.400002,36.34,36.470001,36.470001,2659000
24/05/2017,37,39.279999,36.73,38.900002,38.900002,5135100
25/05/2017,38.900002,39.099998,37.669998,37.939999,37.939999,3474200
26/05/2017,37.830002,37.93,36.790001,36.84,36.84,3970900
30/05/2017,37.700001,39.919998,37.400002,39.5,39.5,5728500
31/05/2017,39.130001,39.450001,37.759998,38.509998,38.509998,2921700
01/06/2017,38.610001,39.360001,38.009998,38.32,38.32,3669100
02/06/2017,38.360001,38.779999,37.860001,38.330002,38.330002,1573900
05/06/2017,38.150002,38.23,37.27,37.669998,37.669998,1621300
06/06/2017,37.470001,37.860001,36.970001,37.439999,37.439999,2587300
07/06/2017,37.700001,37.849998,36.630001,36.939999,36.939999,2199600
08/06/2017,37.119999,37.970001,36.849998,37.799999,37.799999,2267600
09/06/2017,37.799999,37.970001,36.369999,36.650002,36.650002,2200900
12/06/2017,36.27,37.459999,36.110001,36.400002,36.400002,2201200
13/06/2017,36.650002,37.009998,36.25,36.459999,36.459999,2086900
14/06/2017,36.450001,36.5,35.75,36.189999,36.189999,1699700
15/06/2017,35.5,36.18,35.349998,35.73,35.73,1477100
16/06/2017,35.73,36.040001,35.330002,35.830002,35.830002,1971600
19/06/2017,36.029999,36.419998,35.560001,36.349998,36.349998,1766400
20/06/2017,36.299999,36.59,35.380001,35.450001,35.450001,1599900
21/06/2017,35.549999,37.52,35.549999,37.23,37.23,2367400
22/06/2017,37.939999,39.720001,37.220001,38.419998,38.419998,4156900
23/06/2017,38.360001,40.549999,37.93,39.740002,39.740002,4798000
26/06/2017,39.799999,40.939999,39.599998,40.169998,40.169998,2755100
27/06/2017,39.880001,40.43,39.209999,40.049999,40.049999,2233300
28/06/2017,40.310001,41.169998,39.779999,40.490002,40.490002,2437700
29/06/2017,40.369999,40.66,39.200001,40.080002,40.080002,2019700
30/06/2017,40.060001,40.369999,39.720001,39.880001,39.880001,1295200
03/07/2017,39.919998,40.869999,39.810001,40.07,40.07,1053900
05/07/2017,40.290001,40.470001,39.02,39.040001,39.040001,1572400
06/07/2017,38.880001,39.389999,38.360001,38.669998,38.669998,1481600
07/07/2017,38.779999,39.560001,38.709999,39.400002,39.400002,1142200
10/07/2017,39.369999,39.759998,39.110001,39.540001,39.540001,1072100
11/07/2017,39.599998,39.849998,39.240002,39.810001,39.810001,1225600
12/07/2017,40.200001,41.950001,40.18,41.790001,41.790001,3303500
13/07/2017,41.900002,41.900002,40.77,41.529999,41.529999,2052900
14/07/2017,41.619999,43.400002,41.599998,42.939999,42.939999,2926700
17/07/2017,43,43,42.419998,42.720001,42.720001,2738600
18/07/2017,42.799999,44.66,42.540001,44.02,44.02,2868300
19/07/2017,45.040001,46.75,45,45.669998,45.669998,4849100
20/07/2017,45.849998,46.639999,44.919998,46.27,46.27,3234400
21/07/2017,46.029999,46.279999,45.040001,45.150002,45.150002,2192600
24/07/2017,45.209999,45.389999,44.610001,44.98,44.98,1805100
25/07/2017,45.610001,45.830002,45.029999,45.459999,45.459999,2086300
26/07/2017,45.950001,45.950001,45.369999,45.439999,45.439999,1689400
27/07/2017,46,46.25,44.189999,44.810001,44.810001,4288600
28/07/2017,48.82,49.75,47.439999,48.869999,48.869999,9311200
31/07/2017,48.91,49.580002,47.950001,49.310001,49.310001,3833300
01/08/2017,49.849998,50.209999,49.18,49.650002,49.650002,2434300
02/08/2017,49.099998,49.099998,47.310001,48.630001,48.630001,2785100
03/08/2017,48.889999,48.889999,47.07,47.299999,47.299999,2191700
04/08/2017,47.360001,48.380001,47.32,47.98,47.98,1407800
07/08/2017,48.110001,49,48.029999,48.57,48.57,1431700
08/08/2017,48.66,48.959999,47.560001,47.84,47.84,1512500
09/08/2017,47.5,47.889999,47.029999,47.43,47.43,1153800
10/08/2017,47.240002,47.380001,46.450001,46.75,46.75,1296100
11/08/2017,46.57,47.799999,46.529999,47.540001,47.540001,1013900
14/08/2017,47.549999,49.040001,47.130001,48.869999,48.869999,1561800
15/08/2017,48.98,49.650002,48.380001,49.09,49.09,1292000
16/08/2017,49.82,50.119999,48.919998,49.07,49.07,1840000
17/08/2017,48.849998,49.580002,47.689999,47.77,47.77,1167400
18/08/2017,47.799999,48.720001,47.259998,48.060001,48.060001,983300
21/08/2017,48.16,48.43,45.759998,45.959999,45.959999,2383600
22/08/2017,46.279999,47.07,46.07,46.59,46.59,1704200
23/08/2017,46.099998,46.869999,45.889999,46.48,46.48,1026900
24/08/2017,46.610001,47.439999,46.41,47.200001,47.200001,1290800
25/08/2017,47.369999,47.73,47.220001,47.419998,47.419998,816100
28/08/2017,47.509998,48.259998,47.209999,48.02,48.02,1220000
29/08/2017,47.310001,48.540001,46.91,48.400002,48.400002,1564200
30/08/2017,48.48,48.959999,48.060001,48.09,48.09,1707000
31/08/2017,48.240002,48.25,46.619999,46.959999,46.959999,1673800
01/09/2017,47.009998,48.200001,47.009998,47.84,47.84,1207800
05/09/2017,47.68,48.279999,47.18,47.860001,47.860001,1186300
06/09/2017,48.029999,48.23,47.349998,47.349998,47.349998,890100
07/09/2017,47.57,47.689999,47.049999,47.450001,47.450001,850000
08/09/2017,47.349998,48.150002,46.52,46.91,46.91,1339800
11/09/2017,47.220001,47.73,47.060001,47.16,47.16,1062200
12/09/2017,47.209999,47.84,46.610001,47.48,47.48,1272300
13/09/2017,47.450001,47.610001,46.57,46.830002,46.830002,1108300
14/09/2017,46.75,48.630001,46.610001,48.43,48.43,1766700
15/09/2017,50.009998,51.84,49.380001,50.450001,50.450001,5396200
18/09/2017,50.849998,50.950001,48.459999,48.540001,48.540001,2761900
19/09/2017,49.060001,49.580002,47.82,48.860001,48.860001,2245600
20/09/2017,48.950001,49.25,46.84,48.849998,48.849998,4322800
21/09/2017,48.860001,48.950001,46.919998,48.759998,48.759998,3036600
22/09/2017,49.009998,53,47.5,51.41,51.41,8981400
25/09/2017,51.209999,51.650002,46.610001,46.880001,46.880001,5590200
26/09/2017,47.119999,47.919998,45.630001,46.169998,46.169998,3846600
27/09/2017,46.310001,47.220001,45.849998,47.049999,47.049999,2840400
28/09/2017,46.91,47.209999,45.259998,46.139999,46.139999,2353500
29/09/2017,46,46.619999,45.75,45.880001,45.880001,1588500
02/10/2017,46.299999,47.240002,45.27,47.18,47.18,2174800
03/10/2017,47,47.459999,46.540001,47.23,47.23,1335600
04/10/2017,46.860001,48.139999,46.799999,47.650002,47.650002,1400600
05/10/2017,47.799999,48.869999,47.75,47.93,47.93,1490200
06/10/2017,47.849998,48.369999,47.759998,48.209999,48.209999,1113300
09/10/2017,48.189999,48.450001,46.73,46.91,46.91,1420000
10/10/2017,47.169998,47.669998,46.779999,47.669998,47.669998,1112200
11/10/2017,47.48,47.66,46.759998,47.200001,47.200001,1068200
12/10/2017,46.950001,47.599998,46.799999,47.110001,47.110001,951300
13/10/2017,47.209999,48.16,47.049999,47.599998,47.599998,942900
16/10/2017,47.669998,48.080002,47.150002,47.310001,47.310001,976200
17/10/2017,47.209999,47.48,46.09,47.240002,47.240002,1500000
18/10/2017,47.52,48.34,46.860001,46.939999,46.939999,1232500
19/10/2017,46.509998,47.66,46.16,47.639999,47.639999,1271400
20/10/2017,47.619999,47.810001,47.25,47.73,47.73,1396600
23/10/2017,47.889999,49.220001,47.860001,48.919998,48.919998,2045900
24/10/2017,49.099998,49.689999,48.52,48.610001,48.610001,1204500
25/10/2017,48.919998,48.919998,46.779999,47.389999,47.389999,1957500
26/10/2017,47.380001,48.080002,46.880001,47.919998,47.919998,2102100
27/10/2017,52.099998,58.970001,51.709999,57.669998,57.669998,15842100
30/10/2017,57.330002,61.470001,56.549999,60.43,60.43,7771400
31/10/2017,60.43,61.049999,53.09,54.82,54.82,9750800
01/11/2017,55.360001,57.869999,54.709999,57.209999,57.209999,5258300
02/11/2017,57.580002,58.529999,56.709999,57.869999,57.869999,2726300
03/11/2017,57.82,60.290001,57.529999,59.869999,59.869999,3133400
06/11/2017,59.720001,62.57,59.720001,61.470001,61.470001,3871900
07/11/2017,61.599998,62.189999,60.619999,60.959999,60.959999,2285500
08/11/2017,60.75,62.240002,60.080002,61.790001,61.790001,2294300
09/11/2017,61.16,61.75,60.16,60.540001,60.540001,1662700
10/11/2017,60.299999,62.560001,60.16,61.59,61.59,1952500
13/11/2017,60.970001,62.049999,60.860001,61.57,61.57,1198600
14/11/2017,61.48,62.220001,60.560001,61.279999,61.279999,1151500
15/11/2017,60.75,61.59,60.330002,60.599998,60.599998,1363600
16/11/2017,60.959999,61.560001,60.200001,60.349998,60.349998,1308200
17/11/2017,60.759998,60.799999,59.529999,60.18,60.18,1314200
20/11/2017,60.439999,61.150002,59.669998,61.060001,61.060001,1342200
21/11/2017,61.380001,61.490002,59.950001,60.240002,60.240002,1067300
22/11/2017,60.110001,60.84,59.540001,60.509998,60.509998,1677900
24/11/2017,60.830002,60.959999,60.169998,60.610001,60.610001,466800
27/11/2017,60.830002,63.099998,60.279999,61.650002,61.650002,2040400
28/11/2017,62,62.599998,61.5,62.130001,62.130001,1367100
29/11/2017,62.060001,62.43,58.77,60.02,60.02,1868400
30/11/2017,60.68,62.240002,59.299999,62.099998,62.099998,1620800
01/12/2017,61.68,61.900002,59.25,60.299999,60.299999,1784400
04/12/2017,60.400002,60.709999,56.130001,57.27,57.27,4210800
05/12/2017,57.139999,62.029999,56.810001,61.209999,61.209999,5429200
06/12/2017,62.080002,65.43,62.049999,63.240002,63.240002,4665800
07/12/2017,64,68.699997,63.540001,68.43,68.43,4910600
08/12/2017,68.959999,70.269997,68.269997,70.019997,70.019997,3628800
11/12/2017,71.400002,71.800003,69.150002,70.050003,70.050003,3810500
12/12/2017,70.019997,71.190002,68.68,68.910004,68.910004,2518500
13/12/2017,69.199997,69.93,68.349998,68.480003,68.480003,1848600
14/12/2017,68.470001,68.800003,67.43,67.889999,67.889999,1529800
15/12/2017,67.870003,69.75,67.269997,68.959999,68.959999,2921900
18/12/2017,69.93,70.779999,69.650002,70.629997,70.629997,1301000
19/12/2017,70.379997,70.919998,68.720001,69.150002,69.150002,1407500
20/12/2017,69.410004,69.739998,67.900002,68.690002,68.690002,893700
21/12/2017,68.5,69.449997,68.370003,69.110001,69.110001,851800
22/12/2017,69,69.5,68.489998,68.849998,68.849998,775900
26/12/2017,68.470001,68.790001,67.32,68.040001,68.040001,971600
27/12/2017,67.550003,69.019997,66.610001,68.839996,68.839996,1146300
28/12/2017,69.07,69.980003,67.910004,68.349998,68.349998,946000
29/12/2017,68.5,68.669998,67.470001,67.519997,67.519997,1499600
02/01/2018,67.839996,70.5,67.839996,70.43,70.43,1752200
03/01/2018,70.870003,71.589996,69.019997,69.800003,69.800003,1924000
04/01/2018,70,70.199997,66.199997,69.139999,69.139999,3032700
05/01/2018,69,69.589996,68.25,69.169998,69.169998,1020600
08/01/2018,69.25,70.129997,67.699997,69.620003,69.620003,1066900
09/01/2018,69.82,70.199997,68.389999,70.019997,70.019997,1286100
10/01/2018,69.370003,70.029999,68.919998,69.639999,69.639999,1448800
11/01/2018,70.360001,76.610001,70.300003,76.269997,76.269997,6341200
12/01/2018,75.559998,75.779999,72.360001,73.410004,73.410004,4033500
16/01/2018,74.089996,74.150002,70.190002,71.220001,71.220001,2025800
17/01/2018,71.739998,72.550003,70.559998,72,72,1588000
18/01/2018,70.940002,72.389999,70.099998,71.089996,71.089996,1464700
19/01/2018,70.989998,71.400002,69.410004,70.029999,70.029999,1430100
22/01/2018,69.989998,71.309998,68.739998,68.959999,68.959999,1969900
23/01/2018,71.489998,74.860001,67.110001,68.480003,68.480003,8717000
24/01/2018,68.919998,69.889999,67.639999,68.980003,68.980003,2208900
25/01/2018,69.449997,71.160004,69,70.440002,70.440002,1915700
26/01/2018,71,71.169998,69.360001,70.559998,70.559998,1278400
29/01/2018,69.5,70.169998,67.629997,68.349998,68.349998,2456700
30/01/2018,67.300003,68.32,66.040001,67.089996,67.089996,1886600
31/01/2018,67.889999,68.300003,66.660004,67.169998,67.169998,989100
01/02/2018,66.650002,68.370003,66.540001,67.550003,67.550003,1102400
02/02/2018,66.849998,67.43,66.370003,66.440002,66.440002,1225300
05/02/2018,64.010002,66.720001,61.25,63.5,63.5,2474600
06/02/2018,61.5,65,61.049999,63.48,63.48,2582800
07/02/2018,63.48,64.470001,62.830002,62.939999,62.939999,1030800
08/02/2018,63.040001,63.529999,60.68,60.689999,60.689999,1632000
09/02/2018,61.419998,62.57,58.799999,61.220001,61.220001,2379800
12/02/2018,61.259998,63.380001,60.799999,62.52,62.52,2905300
13/02/2018,62.380001,64.449997,62.200001,64.220001,64.220001,1730300
14/02/2018,64.169998,65.769997,63.709999,65.239998,65.239998,1501800
15/02/2018,65.800003,66.309998,63.900002,65.82,65.82,1143400
16/02/2018,65.650002,66.669998,65.129997,65.849998,65.849998,1192000
20/02/2018,66.010002,67.550003,66,66.580002,66.580002,1484600
21/02/2018,67.230003,67.709999,66.199997,66.699997,66.699997,1539000
22/02/2018,66.599998,67.550003,65.599998,66.279999,66.279999,2682300
23/02/2018,65.559998,66.019997,60.41,61.790001,61.790001,6224000
26/02/2018,62.049999,65.110001,62.009998,65.099998,65.099998,2796300
27/02/2018,65.150002,65.25,63.450001,63.48,63.48,1224800
28/02/2018,63.34,63.48,62.27,62.849998,62.849998,1477100
01/03/2018,63.299999,63.509998,61.389999,62.09,62.09,1394100
02/03/2018,61.299999,64.400002,61.139999,64.330002,64.330002,1223500
05/03/2018,63.970001,66.349998,63.59,66.050003,66.050003,1834600
06/03/2018,66.650002,68.040001,66.470001,67.449997,67.449997,2038800
07/03/2018,66.629997,69.279999,66.57,67.949997,67.949997,1711500
08/03/2018,68.010002,68.639999,67.010002,67.690002,67.690002,859200
09/03/2018,68.050003,68.440002,67.410004,67.900002,67.900002,1050800
12/03/2018,68.120003,70.75,68.010002,70.050003,70.050003,1636600
13/03/2018,70.480003,70.57,68.690002,69.150002,69.150002,1163900
14/03/2018,69.199997,70.07,68.5,69.519997,69.519997,1045500
15/03/2018,69.580002,69.580002,68.360001,68.739998,68.739998,821500
16/03/2018,69.370003,72.370003,69.300003,69.870003,69.870003,2909100
19/03/2018,69.529999,71.5,69.300003,71.260002,71.260002,1550900
20/03/2018,71.410004,73.120003,70.779999,73,73,1680100
21/03/2018,72.989998,74.68,71.949997,73.870003,73.870003,1732700
22/03/2018,72.940002,73.730003,71.82,72.089996,72.089996,1417400
23/03/2018,72.010002,72.010002,70.559998,70.650002,70.650002,1581000
26/03/2018,71.849998,74.220001,71.300003,74.019997,74.019997,1286000
27/03/2018,74.099998,74.589996,71.160004,71.510002,71.510002,1299600
28/03/2018,71.330002,72.169998,68.82,69.32,69.32,1628900
29/03/2018,69.830002,71.720001,69.190002,70.980003,70.980003,1088200
02/04/2018,70.730003,71.18,68.639999,69.389999,69.389999,1018200
03/04/2018,69.849998,70.059998,67.010002,69.760002,69.760002,1266800
04/04/2018,67.989998,70.260002,67.330002,70.190002,70.190002,1036600
05/04/2018,70.690002,72.050003,70.25,71.639999,71.639999,981200
06/04/2018,71.059998,72.360001,69.07,69.699997,69.699997,1266500
09/04/2018,70.32,72,70.099998,70.849998,70.849998,1130900
10/04/2018,72,72.800003,70.480003,70.790001,70.790001,1079100
11/04/2018,70.550003,71.900002,69.120003,71.25,71.25,882800
12/04/2018,71.400002,71.889999,71.019997,71.230003,71.230003,599300
13/04/2018,71.400002,71.629997,70.32,70.68,70.68,585900
16/04/2018,71.040001,71.110001,69.739998,70.120003,70.120003,805400
17/04/2018,70.529999,72.879997,70.209999,72.68,72.68,1436500
18/04/2018,75,78.949997,74.790001,77.580002,77.580002,4088800
19/04/2018,77.050003,77.279999,75.209999,76.959999,76.959999,1787300
20/04/2018,77,77,74.860001,75.510002,75.510002,1463300
23/04/2018,76.010002,76.139999,73.970001,74.370003,74.370003,1222000
24/04/2018,75.190002,76.150002,73.07,74.07,74.07,1187400
25/04/2018,73.82,74.360001,71.349998,73.580002,73.580002,1164700
26/04/2018,74.57,75.43,73.709999,75.080002,75.080002,1439500
27/04/2018,76,81.720001,75.82,77.949997,77.949997,3826000
30/04/2018,78.110001,78.5,70.629997,70.910004,70.910004,5367500
01/05/2018,71,71.290001,67.290001,67.510002,67.510002,3698700
02/05/2018,67.489998,69.129997,67.279999,68.019997,68.019997,2043700
03/05/2018,67.279999,67.809998,65.050003,65.980003,65.980003,2158700
04/05/2018,65.660004,66.790001,65.07,66.370003,66.370003,1293000
07/05/2018,66.849998,67.980003,65.730003,67.150002,67.150002,1966000
08/05/2018,66.75,67.529999,66.620003,67.260002,67.260002,1042300
09/05/2018,67.099998,69.709999,67.089996,69.43,69.43,2244000
10/05/2018,71.699997,74,70.769997,73.010002,73.010002,3183000
11/05/2018,73.18,73.669998,71.739998,72.779999,72.779999,1181400
14/05/2018,73.339996,75.75,73.010002,73.540001,73.540001,1682100
15/05/2018,72.919998,75.139999,72.029999,73.440002,73.440002,2310300
16/05/2018,73.43,74.57,72.519997,72.769997,72.769997,1302000
17/05/2018,72.449997,72.980003,70.980003,71.389999,71.389999,1653100
18/05/2018,71.010002,71.870003,69.699997,70,70,1502700
21/05/2018,70.550003,71.720001,70.309998,70.919998,70.919998,1262900
22/05/2018,71.300003,71.610001,69.93,69.989998,69.989998,824000
23/05/2018,69.25,69.809998,67.739998,68.419998,68.419998,1294700
24/05/2018,68.559998,68.800003,67.480003,68.370003,68.370003,699900
25/05/2018,68.07,68.870003,67.470001,68.25,68.25,862100
29/05/2018,67.800003,69.720001,67.639999,69.209999,69.209999,1085400
30/05/2018,69.5,69.889999,68.209999,69.040001,69.040001,1214900
31/05/2018,69.260002,69.75,67.559998,67.610001,67.610001,1195400
01/06/2018,68.059998,68.400002,65.639999,65.93,65.93,2169100
04/06/2018,66.089996,66.389999,60.919998,61.740002,61.740002,5395400
05/06/2018,59.880001,60.889999,57.619999,58.240002,58.240002,8140400
06/06/2018,56.599998,56.880001,52.610001,55.529999,55.529999,12046600
07/06/2018,53.709999,55.099998,52.110001,53.279999,53.279999,7036900
08/06/2018,53.310001,54.790001,52.299999,52.669998,52.669998,4084500
11/06/2018,53.099998,53.400002,51.419998,51.82,51.82,4872600
12/06/2018,52.169998,54.5,51.860001,53.849998,53.849998,8217300
13/06/2018,54.25,54.25,52.279999,52.689999,52.689999,4360100
14/06/2018,52.68,54.130001,52.57,53.709999,53.709999,2808300
15/06/2018,53.34,53.5,50.23,51.060001,51.060001,7092700
18/06/2018,50.700001,52.509998,50.549999,51.830002,51.830002,2762400
19/06/2018,51.630001,52.599998,51.220001,52.23,52.23,1996700
20/06/2018,52.830002,52.849998,51.259998,51.669998,51.669998,1834100
21/06/2018,51.799999,53,51.5,52.310001,52.310001,1962200
22/06/2018,52.509998,54.880001,52.07,52.650002,52.650002,3575600
25/06/2018,54.970001,55.700001,51.799999,52.639999,52.639999,5837000
26/06/2018,52.290001,52.740002,50.919998,51.91,51.91,2737200
27/06/2018,52.279999,52.689999,50.970001,50.98,50.98,1682100
28/06/2018,50.799999,52.380001,50.57,52.130001,52.130001,1748500
29/06/2018,52.25,53.130001,52.25,52.66,52.66,2018800
02/07/2018,52.279999,54.25,51.700001,53.049999,53.049999,2962600
03/07/2018,53.369999,53.68,52.18,52.360001,52.360001,1000800
05/07/2018,52.509998,53.349998,51.77,53.299999,53.299999,1463300
06/07/2018,53.299999,54.740002,52.669998,54.529999,54.529999,1602500
09/07/2018,54.689999,54.919998,53.299999,54.830002,54.830002,1896500
10/07/2018,55.040001,55.75,54.889999,55.220001,55.220001,1544100
11/07/2018,54.66,54.799999,53.970001,54.720001,54.720001,866700
12/07/2018,55.259998,55.290001,54.040001,54.700001,54.700001,1414700
13/07/2018,54.549999,55.060001,53.849998,54.060001,54.060001,1613200
16/07/2018,54.060001,54.549999,53.509998,54.009998,54.009998,1874500
17/07/2018,53.549999,54.07,53.389999,53.75,53.75,1375100
18/07/2018,53.860001,54.32,52.560001,54,54,1975800
19/07/2018,53.73,54.619999,53.52,53.880001,53.880001,1801600
20/07/2018,53.849998,54.32,53.369999,53.48,53.48,1175800
23/07/2018,53.02,53.349998,52.400002,52.619999,52.619999,1778600
24/07/2018,52.990002,53.779999,52.419998,53.049999,53.049999,1224400
25/07/2018,53.09,54.09,52.779999,54.040001,54.040001,1376600
26/07/2018,53.830002,54.77,53.450001,53.669998,53.669998,1939700
27/07/2018,50.599998,52.18,48,51.650002,51.650002,6612600
30/07/2018,51.560001,52.68,50.860001,51.57,51.57,2150800
31/07/2018,51.950001,53.110001,51.57,52.349998,52.349998,1629700
01/08/2018,53.150002,53.669998,52.400002,53.380001,53.380001,1339700
02/08/2018,52.919998,54.150002,52.459999,53.59,53.59,1063500
03/08/2018,53.5,53.919998,52.060001,52.84,52.84,1440900
06/08/2018,52.700001,53.669998,52.490002,53.57,53.57,665200
07/08/2018,53.740002,54.360001,53.200001,53.599998,53.599998,991600
08/08/2018,53.419998,54.57,53.07,54.459999,54.459999,1026200
09/08/2018,54.459999,55.240002,54.009998,54.450001,54.450001,1558000
10/08/2018,53.970001,54.049999,52.419998,52.790001,52.790001,1230800
13/08/2018,52.740002,53.040001,52.330002,52.470001,52.470001,972800
14/08/2018,52.630001,52.639999,51.209999,52.009998,52.009998,1280100
15/08/2018,51.700001,51.700001,50.119999,50.700001,50.700001,1566400
16/08/2018,51.029999,51.470001,50.59,50.860001,50.860001,858500
17/08/2018,50.939999,51.110001,49.970001,51,51,1521900
20/08/2018,50.889999,52.759998,50.889999,52.32,52.32,1552700
21/08/2018,52.639999,53.48,52.459999,52.93,52.93,1058100
22/08/2018,52.939999,53.75,52.470001,52.549999,52.549999,939000
23/08/2018,52.549999,52.759998,51.529999,51.57,51.57,955600
24/08/2018,51.59,52.5,51.59,52.080002,52.080002,751100
27/08/2018,52.09,53.080002,52.09,52.610001,52.610001,1019500
28/08/2018,52.77,53.02,51.82,51.939999,51.939999,781600
29/08/2018,52,53.450001,52,53.07,53.07,1214600
30/08/2018,52.77,53.209999,52.110001,52.16,52.16,791100
31/08/2018,52.009998,52.41,51.650002,52.080002,52.080002,725800
04/09/2018,51.959999,52.220001,51.07,51.310001,51.310001,801400
05/09/2018,51.27,51.470001,50.310001,51.259998,51.259998,963500
06/09/2018,51.259998,51.59,49.450001,50.150002,50.150002,1215100
07/09/2018,49.950001,50.029999,48.369999,48.509998,48.509998,1399300
10/09/2018,48.860001,48.959999,48.139999,48.16,48.16,1253700
11/09/2018,48,48.650002,47.59,48.450001,48.450001,965400
12/09/2018,48.310001,48.950001,47.669998,48.900002,48.900002,929400
13/09/2018,49.029999,49.68,48.259998,48.41,48.41,1005300
14/09/2018,48.32,48.740002,47.919998,48.209999,48.209999,987700
17/09/2018,47.91,48.25,47.34,47.75,47.75,862600
18/09/2018,47.810001,50.009998,47.810001,49.549999,49.549999,1841900
19/09/2018,50.25,50.349998,48.93,49.599998,49.599998,970800
20/09/2018,49.959999,50.470001,49.59,50.290001,50.290001,1322400
21/09/2018,50.48,50.709999,49.880001,49.98,49.98,2254700
24/09/2018,49.98,50.459999,49.459999,50.23,50.23,749400
25/09/2018,50.139999,50.27,49.400002,49.650002,49.650002,809300
26/09/2018,49.740002,49.900002,48.509998,48.549999,48.549999,1029600
27/09/2018,48.549999,48.91,48.09,48.52,48.52,926900
28/09/2018,48.580002,48.59,47.689999,48.419998,48.419998,924700
01/10/2018,48.490002,49.849998,48.200001,48.98,48.98,1238300
02/10/2018,49.139999,50.060001,49.009998,49.23,49.23,748100
03/10/2018,49.439999,49.689999,48.18,48.299999,48.299999,1181400
04/10/2018,48.080002,48.290001,47.169998,47.650002,47.650002,1104000
05/10/2018,47.630001,47.77,46.23,46.970001,46.970001,888000
08/10/2018,46.82,47.389999,46.220001,47.27,47.27,796300
09/10/2018,47.110001,47.400002,46.529999,47.130001,47.130001,829100
10/10/2018,47.080002,47.810001,46.360001,46.360001,46.360001,1495200
11/10/2018,46.139999,46.299999,45.07,45.369999,45.369999,1295800
12/10/2018,46.060001,46.360001,44.720001,45.529999,45.529999,1106000
15/10/2018,45.34,46.459999,45.200001,46.119999,46.119999,909300
16/10/2018,46.380001,47.700001,46.310001,47.610001,47.610001,1131100
17/10/2018,47.720001,48,46.490002,47.220001,47.220001,1240800
18/10/2018,47.259998,47.490002,46.529999,46.709999,46.709999,1355800
19/10/2018,46.98,47.349998,45.900002,46.59,46.59,1165000
22/10/2018,46.599998,46.73,45.009998,45.349998,45.349998,1278000
23/10/2018,44.650002,44.84,42.950001,44.189999,44.189999,1920700
24/10/2018,44.360001,44.869999,42.400002,42.43,42.43,1815000
25/10/2018,43.290001,43.810001,42.169998,43.52,43.52,2517300
26/10/2018,40.75,42.950001,39.150002,39.380001,39.380001,5172900
29/10/2018,40.25,40.290001,36.509998,36.919998,36.919998,4412700
30/10/2018,37.060001,39.830002,36.639999,39.779999,39.779999,4577100
31/10/2018,40.169998,42.16,39.639999,41.799999,41.799999,2806800
01/11/2018,41.490002,41.93,40.330002,41.459999,41.459999,3192400
02/11/2018,41.73,43.130001,41.73,43,43,1880300
05/11/2018,44.02,46.09,43.93,43.93,43.93,3548600
06/11/2018,43.82,44.060001,42.57,42.830002,42.830002,1488200
07/11/2018,43.23,44.459999,43,44.169998,44.169998,1211100
08/11/2018,43.880001,44.099998,42.450001,42.669998,42.669998,1208600
09/11/2018,42.25,42.52,41.490002,42.220001,42.220001,1241000
12/11/2018,42.099998,43.32,41.52,42.709999,42.709999,1562400
13/11/2018,42.950001,43.330002,42,42.450001,42.450001,2177100
14/11/2018,43,43.490002,42.029999,42.540001,42.540001,1882900
15/11/2018,42.310001,44.169998,42.240002,44.080002,44.080002,1681400
16/11/2018,43.25,44.68,43.169998,44.369999,44.369999,1443900
19/11/2018,44.130001,44.889999,43.509998,43.939999,43.939999,1560600
20/11/2018,43,43.040001,41.82,42.049999,42.049999,1363600
21/11/2018,42.66,42.900002,42.040001,42.599998,42.599998,991900
23/11/2018,42.060001,43.849998,42.060001,43.34,43.34,414200
26/11/2018,43.689999,44.349998,43.23,43.43,43.43,1271400
27/11/2018,43.209999,45.200001,43.040001,44.869999,44.869999,1719500
28/11/2018,45.5,46.09,44.099998,45.400002,45.400002,1201600
29/11/2018,45.330002,45.68,44.029999,44.34,44.34,1125200
30/11/2018,44.209999,44.68,43.740002,44.450001,44.450001,878700
03/12/2018,45.900002,47.790001,45.549999,46.400002,46.400002,3413400
04/12/2018,47.41,47.529999,44.369999,44.5,44.5,2326600
06/12/2018,43.75,44.509998,43.43,43.709999,43.709999,1524800
07/12/2018,43.830002,44.709999,42.169998,42.59,42.59,1908800
10/12/2018,42.360001,43.860001,42,43.209999,43.209999,1565400
11/12/2018,43.880001,44.400002,42.040001,42.450001,42.450001,2204300
12/12/2018,42.849998,43.82,41.119999,43.599998,43.599998,3564700
13/12/2018,43.549999,45.810001,43.43,45.299999,45.299999,2721500
14/12/2018,44.580002,44.84,43.450001,43.639999,43.639999,1839300
17/12/2018,43.599998,43.98,41.66,42.040001,42.040001,1696700
18/12/2018,42.470001,44.459999,42.450001,43.23,43.23,1890000
19/12/2018,43.040001,43.950001,42.240002,42.25,42.25,1711500
20/12/2018,42.34,43.5,41.869999,42.369999,42.369999,1895600
21/12/2018,42.52,43,40.060001,40.549999,40.549999,2825700
24/12/2018,39.98,40.889999,38.889999,39.240002,39.240002,1051700
26/12/2018,39.349998,42.040001,38.450001,41.990002,41.990002,1969200
27/12/2018,41.349998,42.299999,40.299999,42.299999,42.299999,1200100
28/12/2018,42.830002,43.07,42,42.389999,42.389999,1363700
31/12/2018,42.799999,42.900002,41.830002,42.459999,42.459999,802100
02/01/2019,41.630001,43.099998,41.41,42.560001,42.560001,1166900
03/01/2019,43.970001,44.630001,42.700001,43.439999,43.439999,2275200
04/01/2019,43.98,46.599998,43.98,46.32,46.32,2084100
07/01/2019,46.459999,47.740002,45.66,45.790001,45.790001,1784000
08/01/2019,46.779999,47,45.349998,46.23,46.23,1327600
09/01/2019,46.529999,47.630001,46.27,46.959999,46.959999,1715000
10/01/2019,46.599998,47.93,46.32,47.740002,47.740002,1032100
11/01/2019,47.540001,47.849998,46.860001,47.5,47.5,1084200
14/01/2019,46.900002,47.380001,46.580002,46.73,46.73,1138300
15/01/2019,47.009998,47.200001,46.610001,46.860001,46.860001,1167500
16/01/2019,47.029999,47.82,46.869999,47.299999,47.299999,1157400
17/01/2019,47.25,48.650002,47.009998,48.380001,48.380001,2036000
18/01/2019,48.5,49.380001,47.849998,47.939999,47.939999,1751000
22/01/2019,47.619999,47.860001,45.939999,46.209999,46.209999,1375400
23/01/2019,46.759998,46.990002,45.77,46.540001,46.540001,1389200
24/01/2019,46.240002,48.860001,46.139999,48.599998,48.599998,1911100
25/01/2019,48.84,50.099998,48.630001,49.860001,49.860001,1250900
28/01/2019,49.299999,50.84,49.049999,50.700001,50.700001,1570700
29/01/2019,50.889999,50.889999,50.040001,50.080002,50.080002,1638900
30/01/2019,50.5,50.98,50.049999,50.709999,50.709999,935700
31/01/2019,50.5,51.43,50.150002,50.59,50.59,1249000
01/02/2019,50.779999,50.950001,48.060001,48.43,48.43,1977400
04/02/2019,48.599998,49.43,48.240002,49.290001,49.290001,963800
05/02/2019,49.23,49.450001,48.650002,49.310001,49.310001,1410500
06/02/2019,49.599998,50.450001,48.860001,48.889999,48.889999,1663000
07/02/2019,48.52,49.360001,47.540001,48,48,1347200
08/02/2019,47.619999,48.419998,47.16,48.099998,48.099998,1369200
11/02/2019,48.139999,49.950001,48.139999,49.720001,49.720001,1516000
12/02/2019,50.419998,50.880001,50.040001,50.259998,50.259998,1038900
13/02/2019,50.52,50.970001,50.099998,50.639999,50.639999,756300
14/02/2019,50.43,51.630001,50.419998,51.02,51.02,890800
15/02/2019,50.73,51.209999,48.759998,49.18,49.18,2399700
19/02/2019,49.23,52.240002,49.110001,52.060001,52.060001,2554500
20/02/2019,52.169998,52.610001,51.240002,51.689999,51.689999,2395700
21/02/2019,51.709999,52.490002,51.549999,51.950001,51.950001,2368200
22/02/2019,51.009998,53.84,50.599998,53.73,53.73,4112400
25/02/2019,54.119999,55.380001,51.630001,51.77,51.77,3266200
26/02/2019,51.540001,52.32,51.220001,51.889999,51.889999,2008300
27/02/2019,51.68,52.5,51.380001,52.380001,52.380001,1152800
28/02/2019,52.240002,53.57,52.02,52.549999,52.549999,1372300
01/03/2019,53.080002,54,52.830002,53.41,53.41,1252800
04/03/2019,53.509998,53.68,51.799999,52.490002,52.490002,1161500
05/03/2019,52.52,53.119999,51.959999,52.189999,52.189999,755200
06/03/2019,52.099998,52.240002,51.099998,51.369999,51.369999,1204900
07/03/2019,51.220001,51.66,50.240002,50.360001,50.360001,1442200
08/03/2019,49.669998,51.360001,49.060001,51.16,51.16,1673100
11/03/2019,51.299999,53.75,51.299999,53.619999,53.619999,1748700
12/03/2019,53.529999,54.080002,52.970001,53.93,53.93,1141200
13/03/2019,54.060001,54.93,54.009998,54.709999,54.709999,1483700
14/03/2019,55,55.619999,54.16,54.439999,54.439999,1383300
15/03/2019,54.759998,55.349998,53.610001,53.709999,53.709999,1489400
18/03/2019,54.099998,54.759998,53.759998,54.68,54.68,1190900
19/03/2019,54.91,55.799999,54.700001,55.450001,55.450001,1528300
20/03/2019,55.310001,56.040001,54.790001,55.650002,55.650002,1647800
21/03/2019,55.419998,55.779999,54.049999,54.810001,54.810001,1468000
22/03/2019,54.529999,54.77,51.869999,52.41,52.41,1948400
25/03/2019,52.220001,52.540001,51.32,51.720001,51.720001,1252700
26/03/2019,52.099998,52.389999,50.59,50.919998,50.919998,1396300
27/03/2019,50.98,51.400002,50.209999,51.189999,51.189999,862000
28/03/2019,51.209999,52.080002,51,52.02,52.02,1069200
29/03/2019,52.68,53,52.349998,52.84,52.84,904100
01/04/2019,53.290001,54.200001,53.18,54.110001,54.110001,1303900
02/04/2019,54.200001,54.459999,53.240002,53.900002,53.900002,718100
03/04/2019,54.43,55.490002,54.299999,54.849998,54.849998,1278300
04/04/2019,54.939999,55.389999,54.73,55.380001,55.380001,807900
05/04/2019,55.5,56.380001,55.32,56.290001,56.290001,1338700
08/04/2019,56.16,57.09,55.959999,57.080002,57.080002,1289800
09/04/2019,56.84,56.990002,55.939999,56.130001,56.130001,1051200
10/04/2019,58.849998,60.950001,58.400002,60.77,60.77,4914300
11/04/2019,60.459999,61.130001,59.66,60.630001,60.630001,1583500
12/04/2019,61,61,59.509998,60.18,60.18,1256500
15/04/2019,60.66,61.23,60.169998,60.23,60.23,1007400
16/04/2019,60.459999,60.66,59.599998,60.509998,60.509998,897500
17/04/2019,61.07,61.200001,60.220001,60.66,60.66,1024300
18/04/2019,60.880001,61.099998,59.73,59.849998,59.849998,987900
22/04/2019,59.84,60.48,59.400002,59.959999,59.959999,849000
23/04/2019,59.970001,61.93,59.939999,61.619999,61.619999,1785700
24/04/2019,61.599998,62.66,61.52,61.82,61.82,1362600
25/04/2019,61.669998,62,60.23,61.25,61.25,1143800
26/04/2019,60.849998,61.759998,60.200001,61.540001,61.540001,802300
29/04/2019,61.490002,62.34,61.349998,61.84,61.84,875900
30/04/2019,61.389999,62.060001,60.700001,61.529999,61.529999,962800
01/05/2019,62.09,62.619999,60.82,60.869999,60.869999,1261200
02/05/2019,61.150002,61.959999,59.75,59.860001,59.860001,2017800
03/05/2019,61.389999,63.82,60.459999,61.759998,61.759998,4455300
06/05/2019,59.580002,60.810001,58.57,60.290001,60.290001,2110500
07/05/2019,59.5,61.720001,59.279999,61.689999,61.689999,1968300
08/05/2019,61.470001,61.91,60.25,60.330002,60.330002,1854800
09/05/2019,59.299999,59.790001,57.880001,58.919998,58.919998,2025400
10/05/2019,58.799999,60.360001,58.5,59.990002,59.990002,1216300
13/05/2019,58.549999,59.209999,57.400002,58.400002,58.400002,1058300
14/05/2019,59.060001,59.900002,58.560001,59.330002,59.330002,984600
15/05/2019,58.639999,60.029999,58.599998,59.860001,59.860001,947400
16/05/2019,59.860001,61.450001,59.560001,60.669998,60.669998,953000
17/05/2019,59.849998,60.400002,58.34,58.380001,58.380001,1281400
20/05/2019,58.119999,58.119999,56.919998,57.77,57.77,1098800
21/05/2019,58.130001,59.32,58.130001,58.939999,58.939999,864400
22/05/2019,58.759998,59.549999,58.400002,59.060001,59.060001,696000
23/05/2019,58.220001,58.48,56.860001,57.330002,57.330002,1120500
24/05/2019,57.630001,58.52,57.200001,57.310001,57.310001,677500
28/05/2019,57.52,58.549999,57.400002,58.349998,58.349998,783800
29/05/2019,57.669998,58,56.540001,57.860001,57.860001,792300
30/05/2019,58.34,59.970001,58.34,59.639999,59.639999,1155700
31/05/2019,58.919998,59,57.119999,58.040001,58.040001,1418400
03/06/2019,58,59.880001,57.400002,58.75,58.75,1083300
04/06/2019,59.549999,61.169998,59.290001,60.869999,60.869999,1246400
05/06/2019,61.490002,61.669998,59.720001,60.93,60.93,1316100
06/06/2019,60.709999,61.880001,60.080002,61.419998,61.419998,1180300
07/06/2019,62,63.27,61.75,62.529999,62.529999,1002200
10/06/2019,63,63.869999,62.580002,63.16,63.16,868500
11/06/2019,64,65.279999,63.66,64.25,64.25,1166000
12/06/2019,64.260002,64.260002,59.709999,59.880001,59.880001,2143000
13/06/2019,60.970001,62.560001,60.75,62.150002,62.150002,1512100
14/06/2019,61.639999,61.950001,61.009998,61.240002,61.240002,702100
17/06/2019,61.189999,61.66,59.59,60.939999,60.939999,934900
18/06/2019,61.549999,63.639999,61.549999,62.869999,62.869999,1153600
19/06/2019,62.98,63.32,62.189999,62.779999,62.779999,657200
20/06/2019,63.810001,64.019997,62.970001,63.040001,63.040001,758500
21/06/2019,62.869999,63.330002,62,62.91,62.91,788000
24/06/2019,62.990002,63.419998,62.380001,62.68,62.68,817100
25/06/2019,62.689999,63.220001,61.5,61.759998,61.759998,847700
26/06/2019,62.34,63.25,62.34,62.57,62.57,576300
27/06/2019,62.41,65.660004,62.41,65.470001,65.470001,1724600
28/06/2019,65.849998,66.050003,64.919998,65.68,65.68,1261600
01/07/2019,66.300003,67.199997,65.68,66.129997,66.129997,1161200
02/07/2019,65.940002,66.669998,65.559998,66.650002,66.650002,762700
03/07/2019,66.709999,66.980003,65.980003,66.190002,66.190002,513000
05/07/2019,65.449997,66.860001,64.860001,66.839996,66.839996,645900
08/07/2019,66.360001,66.900002,66.18,66.639999,66.639999,617700
09/07/2019,66.709999,67.889999,66.580002,67.110001,67.110001,679200
10/07/2019,67.989998,67.989998,65.370003,66.260002,66.260002,994300
11/07/2019,66.790001,66.900002,65.580002,66.110001,66.110001,578200
12/07/2019,66.169998,66.830002,65.790001,65.980003,65.980003,516000
15/07/2019,66.129997,66.220001,65.370003,66,66,697200
16/07/2019,65.800003,66.110001,64.43,64.489998,64.489998,834700
17/07/2019,64.580002,65.480003,64.43,64.809998,64.809998,772800
18/07/2019,64.589996,66.019997,64.5,65.959999,65.959999,877200
19/07/2019,66.019997,67.199997,65.980003,66.529999,66.529999,878300
22/07/2019,66.940002,67.470001,66.18,66.589996,66.589996,882300
23/07/2019,67.089996,67.120003,65.419998,66.400002,66.400002,1213600
24/07/2019,66.269997,66.529999,65.050003,66.040001,66.040001,1068100
25/07/2019,66.019997,66.309998,65.040001,65.57,65.57,742200
26/07/2019,65.730003,66.25,64.160004,65.019997,65.019997,869800
29/07/2019,65.07,66.099998,64.629997,66.050003,66.050003,775500
30/07/2019,65.309998,66.260002,65,66.040001,66.040001,765300
31/07/2019,66.669998,66.800003,64.089996,64.489998,64.489998,1179800
01/08/2019,65.519997,69.239998,65.519997,66.830002,66.830002,4288400
02/08/2019,67.25,67.5,64.57,66.629997,66.629997,2133600
05/08/2019,64.480003,64.75,59.669998,62.009998,62.009998,2555500
06/08/2019,62.68,63.299999,62.130001,62.799999,62.799999,1327300
07/08/2019,62.459999,64.059998,61.799999,63.869999,63.869999,1317000
08/08/2019,64.040001,65.209999,63.369999,64.760002,64.760002,1290000
09/08/2019,64.510002,64.709999,63.490002,63.5,63.5,924900
12/08/2019,62.830002,63.259998,60.830002,60.939999,60.939999,1200100
13/08/2019,60.619999,62.59,60.220001,62.189999,62.189999,1430300
14/08/2019,60.959999,60.959999,58.57,58.990002,58.990002,1565800
15/08/2019,59.310001,59.959999,58.669998,59.259998,59.259998,942000
16/08/2019,60.040001,62.150002,60.040001,61.689999,61.689999,1146500
19/08/2019,62.93,63.689999,61.68,63.07,63.07,1160900
20/08/2019,62.650002,63.720001,61.91,63.080002,63.080002,1098900
21/08/2019,64.110001,64.830002,63.330002,63.869999,63.869999,738300
22/08/2019,63.970001,64.010002,62.41,63.049999,63.049999,501700
23/08/2019,62.330002,62.810001,60.580002,60.889999,60.889999,1076600
26/08/2019,61.810001,62.5,61.110001,62.240002,62.240002,654600
27/08/2019,62.810001,63.369999,61.450001,61.860001,61.860001,877400
28/08/2019,61.869999,62.720001,61.32,62.049999,62.049999,811300
29/08/2019,63,63.599998,62.200001,62.490002,62.490002,690600
30/08/2019,63.049999,63.310001,60.900002,62.07,62.07,831600
03/09/2019,61.290001,61.779999,60.639999,60.970001,60.970001,754900
04/09/2019,61.560001,62.57,61.41,62.459999,62.459999,586200
05/09/2019,63.16,64.480003,62.619999,62.830002,62.830002,766000
06/09/2019,62.91,63.02,61.84,62.810001,62.810001,487100
09/09/2019,63.369999,63.75,61.880001,62,62,654200
10/09/2019,61.950001,62.380001,59.68,62.380001,62.380001,1104800
11/09/2019,62.790001,63.740002,62.43,63.310001,63.310001,708100
12/09/2019,63.599998,64.220001,61.099998,62.23,62.23,1034600
13/09/2019,62.41,64.139999,61.810001,63.700001,63.700001,955400
16/09/2019,63.700001,65.139999,63.189999,63.439999,63.439999,1063300
17/09/2019,63.32,66.440002,63.200001,65.82,65.82,1520600
18/09/2019,65.599998,66,64.199997,65.75,65.75,1053500
19/09/2019,66,67.900002,65.790001,67.07,67.07,1813000
20/09/2019,67.25,67.610001,65.839996,66.699997,66.699997,1597600
23/09/2019,67.209999,68.550003,66.43,67.309998,67.309998,1331700
24/09/2019,67.790001,67.970001,65.199997,65.480003,65.480003,1318000
25/09/2019,65.470001,67.400002,65.110001,67.099998,67.099998,1115700
26/09/2019,66.760002,66.940002,62.259998,62.540001,62.540001,2314500
27/09/2019,62.470001,63.130001,57.91,58.459999,58.459999,3924500
30/09/2019,58.599998,58.669998,55.950001,58.009998,58.009998,2799600
01/10/2019,58.400002,59.330002,56.240002,56.279999,56.279999,1464200
02/10/2019,55.779999,56.41,55.259998,55.91,55.91,1695100
03/10/2019,55.639999,57.52,54.77,57.169998,57.169998,1426200
04/10/2019,57.540001,59.419998,57.209999,59.32,59.32,1633700
07/10/2019,62.25,62.889999,56.830002,56.959999,56.959999,3746700
08/10/2019,56.66,58.209999,56.150002,56.959999,56.959999,1163100
09/10/2019,57.18,57.560001,56.110001,56.200001,56.200001,954500
10/10/2019,56.060001,57.650002,55.889999,56.630001,56.630001,1525000
11/10/2019,57.619999,58.200001,56.290001,56.82,56.82,2426100
14/10/2019,56.59,57.200001,56.169998,56.490002,56.490002,758600
15/10/2019,56.860001,56.939999,54.919998,55.880001,55.880001,1423800
16/10/2019,55.66,55.869999,54.07,55.009998,55.009998,1545500
17/10/2019,55.07,56.259998,54.619999,55.25,55.25,1426300
18/10/2019,55,56.43,55,55.220001,55.220001,1338500
21/10/2019,55.59,56.919998,55.34,56.34,56.34,1043400
22/10/2019,56.34,56.779999,55.470001,56.220001,56.220001,1198700
23/10/2019,55.900002,56.759998,55.049999,55.279999,55.279999,1159200
24/10/2019,55.610001,56.080002,55.130001,55.889999,55.889999,1770800
25/10/2019,54,55,50.220001,52.66,52.66,6340100
28/10/2019,53.18,54.860001,53.110001,53.240002,53.240002,2332100
29/10/2019,53.549999,53.919998,52.630001,53.290001,53.290001,1282500
30/10/2019,53.080002,53.540001,51.259998,51.849998,51.849998,1251700
31/10/2019,52.130001,52.799999,51.080002,51.790001,51.790001,1385200
01/11/2019,52.259998,52.599998,51.43,52.580002,52.580002,836300
04/11/2019,53.790001,54.419998,52.68,53.060001,53.060001,1252400
05/11/2019,53.119999,54.389999,52.82,53.869999,53.869999,953200
06/11/2019,53.860001,54.720001,52.880001,53.360001,53.360001,822400
07/11/2019,53.759998,54.299999,52.25,52.630001,52.630001,991800
08/11/2019,52.52,52.84,51.700001,51.970001,51.970001,930300
11/11/2019,51.939999,53.099998,51.610001,52.48,52.48,769000
12/11/2019,52.599998,53.32,52.5,52.970001,52.970001,775800
13/11/2019,52.540001,53.279999,52.080002,53.09,53.09,689000
14/11/2019,52.779999,52.990002,52.029999,52.540001,52.540001,656700
15/11/2019,52.73,54.150002,52.73,53.360001,53.360001,920300
18/11/2019,53.400002,53.400002,52.470001,53.150002,53.150002,893300
19/11/2019,54.040001,54.82,53.580002,54.59,54.59,1088800
20/11/2019,54.419998,55.080002,53.950001,54.32,54.32,1041000
21/11/2019,54.34,54.610001,53.419998,53.860001,53.860001,739300
22/11/2019,54.099998,54.720001,53.880001,54.380001,54.380001,720300
25/11/2019,54.73,55.400002,54.57,54.959999,54.959999,714600
26/11/2019,55.040001,55.330002,54.610001,55.09,55.09,522200
27/11/2019,55.52,55.799999,54.919998,55.619999,55.619999,601300
29/11/2019,55.59,55.759998,54.950001,55.240002,55.240002,446000
02/12/2019,55.52,55.700001,54.41,54.720001,54.720001,1019700
03/12/2019,53.759998,54.389999,52.880001,54.349998,54.349998,994200
04/12/2019,54.66,55.330002,54.369999,54.790001,54.790001,1275600
05/12/2019,55.029999,55.16,52.25,52.299999,52.299999,2391900
06/12/2019,52.759998,53.650002,52.5,53.369999,53.369999,1355800
09/12/2019,53.369999,53.52,52.380001,52.439999,52.439999,835500
10/12/2019,52.279999,53.049999,52.279999,52.470001,52.470001,1077300
11/12/2019,52.830002,54.549999,52.66,53.869999,53.869999,1058500
12/12/2019,53.990002,55.080002,53.810001,55.040001,55.040001,912100
13/12/2019,55.130001,56.029999,54.509998,54.98,54.98,588700
16/12/2019,55.259998,57.200001,55.259998,56.529999,56.529999,1231800
17/12/2019,56.459999,57.029999,55.59,56.299999,56.299999,1390600
18/12/2019,56.209999,56.98,55.939999,56.490002,56.490002,897300
19/12/2019,56.75,57.59,56.610001,57.07,57.07,1145000
20/12/2019,57.400002,57.759998,57.040001,57.310001,57.310001,1611900
23/12/2019,57.549999,57.889999,57.16,57.860001,57.860001,650100
24/12/2019,57.709999,58.25,57.470001,57.98,57.98,290700
26/12/2019,58.200001,59,58.16,58.66,58.66,1111500
27/12/2019,58.740002,58.740002,56.18,56.41,56.41,1089800
30/12/2019,56.310001,56.450001,55,56.259998,56.259998,915600
31/12/2019,55.889999,56.43,55.529999,55.959999,55.959999,705400
02/01/2020,56.400002,57.259998,55.959999,57.240002,57.240002,1053800
03/01/2020,57.110001,57.66,56.709999,57.02,57.02,943700
06/01/2020,56.009998,56.419998,54.779999,55.830002,55.830002,1535100
07/01/2020,55.759998,57.310001,55.759998,56.669998,56.669998,974200
08/01/2020,56.860001,57.110001,56.16,56.700001,56.700001,725700
09/01/2020,57.07,58.040001,56.450001,56.700001,56.700001,891700
10/01/2020,56.740002,56.810001,55.830002,56.5,56.5,829500
13/01/2020,56.860001,58.349998,56.599998,57.439999,57.439999,1099500
14/01/2020,57.5,59.099998,57.299999,58.779999,58.779999,997400
15/01/2020,55.209999,55.689999,52.75,54.75,54.75,7532700
16/01/2020,54.029999,54.869999,53.549999,53.93,53.93,2181700
17/01/2020,54.049999,54.599998,52.900002,53.52,53.52,1768200
21/01/2020,53.48,53.48,51.34,51.549999,51.549999,2687700
22/01/2020,51.830002,51.830002,50.459999,50.560001,50.560001,2342500
23/01/2020,50.459999,52.369999,50.209999,52.02,52.02,2175600
24/01/2020,52.610001,53.380001,51.669998,51.939999,51.939999,1729300
27/01/2020,51.139999,51.23,50.439999,50.490002,50.490002,1288100
28/01/2020,50.720001,51.34,50.599998,51.110001,51.110001,942100
29/01/2020,51.18,51.52,50.73,50.900002,50.900002,853100
30/01/2020,50.599998,51.099998,50.110001,50.720001,50.720001,884400
31/01/2020,50.599998,50.73,49.25,49.580002,49.580002,1054800
03/02/2020,49.880001,50.599998,49.689999,50.240002,50.240002,986800
04/02/2020,51.209999,52.689999,51.009998,52.669998,52.669998,1595100
05/02/2020,53.400002,54.07,52.599998,53.099998,53.099998,1424500
06/02/2020,53.490002,53.68,52.610001,52.650002,52.650002,966300
07/02/2020,52.27,52.779999,52.07,52.459999,52.459999,704500
10/02/2020,52.48,53.16,52.25,52.75,52.75,819300
11/02/2020,53.310001,54.23,53.16,53.529999,53.529999,973400
12/02/2020,54.25,56.169998,54,56.119999,56.119999,2627000
13/02/2020,55.779999,55.779999,53.709999,54.610001,54.610001,1737000
14/02/2020,54.880001,55.439999,54.400002,55.259998,55.259998,651700
18/02/2020,55.540001,56.169998,55.02,55.650002,55.650002,1407300
19/02/2020,56.16,58,56.009998,57.369999,57.369999,1945600
20/02/2020,58.259998,59.900002,56.91,59.32,59.32,4156500
21/02/2020,53,53.389999,50.27,50.59,50.59,9772800
24/02/2020,48.27,51.380001,48.029999,51.209999,51.209999,3700800
25/02/2020,51.799999,51.869999,48.48,48.57,48.57,2807200
26/02/2020,48.799999,49.540001,46.040001,46.110001,46.110001,2668300
27/02/2020,44.68,46.16,43.34,44.25,44.25,2699300
28/02/2020,42.549999,46.66,42.5,45.77,45.77,2950500
02/03/2020,45.880001,46.220001,43.57,44.950001,44.950001,2730400
03/03/2020,45.209999,46.110001,43.619999,44.209999,44.209999,1569500
04/03/2020,44.93,45.580002,43.889999,45.48,45.48,1340100
05/03/2020,44.560001,46.18,44.27,45.470001,45.470001,1259100
06/03/2020,44.040001,44.880001,42.720001,43.369999,43.369999,1448700
09/03/2020,39.990002,41.25,38.900002,39.150002,39.150002,1638800
10/03/2020,40.5,41.18,39.299999,41.080002,41.080002,2704200
11/03/2020,40,40.580002,36.439999,37.23,37.23,2513300
12/03/2020,34.18,37.529999,33,36.560001,36.560001,2691400
13/03/2020,38.849998,39.639999,34.139999,35.959999,35.959999,1718900
16/03/2020,31.9,35,30.700001,31.540001,31.540001,2999500
17/03/2020,32.200001,34.900002,29.57,32.259998,32.259998,3516000
18/03/2020,30.24,32.110001,28.469999,30.200001,30.200001,2525300
19/03/2020,30.01,34.970001,29.15,33.459999,33.459999,1782300
20/03/2020,34.389999,35.82,32.419998,33.689999,33.689999,2789500
23/03/2020,33.75,34.25,30.690001,33.07,33.07,2147000
24/03/2020,34.810001,35.259998,32.549999,33.709999,33.709999,1734700
25/03/2020,34.18,37.139999,33.400002,34.790001,34.790001,1947900
26/03/2020,35.490002,37.970001,35.099998,37.619999,37.619999,1682500
27/03/2020,36.049999,36.990002,34.599998,35.630001,35.630001,1752700
30/03/2020,37.169998,37.169998,34.310001,36.060001,36.060001,1158700
31/03/2020,36.119999,36.900002,35,36.060001,36.060001,1248800
01/04/2020,34.75,34.900002,33,33.439999,33.439999,1002500
02/04/2020,33.560001,36.330002,33.380001,35.310001,35.310001,1865300
03/04/2020,35.119999,36.299999,34.119999,34.380001,34.380001,1105100
06/04/2020,35.259998,37.41,35,36.75,36.75,2038400
07/04/2020,38,38.889999,37.130001,37.349998,37.349998,1270100
08/04/2020,37.810001,39.060001,36.59,38.900002,38.900002,1137200
09/04/2020,39.099998,41.009998,39.099998,40.450001,40.450001,1368800
13/04/2020,40.310001,40.93,39.639999,40.610001,40.610001,1024900
14/04/2020,41.68,42.84,41.09,42.119999,42.119999,1070300
15/04/2020,41,41.68,40.509998,40.93,40.93,949000
16/04/2020,41.610001,41.84,39.700001,40.150002,40.150002,1922800
17/04/2020,41.639999,42.400002,41.18,42.200001,42.200001,1433800
20/04/2020,41.77,42.279999,40.889999,41,41,1406400
21/04/2020,40.16,40.880001,38.959999,39.18,39.18,1262400
22/04/2020,40.439999,40.529999,39.599998,40.23,40.23,933900
23/04/2020,40.610001,42.439999,40.299999,42.290001,42.290001,1838900
24/04/2020,42.369999,42.84,40.57,40.84,40.84,1607200
27/04/2020,41.060001,43.419998,41.060001,43.259998,43.259998,1270200
28/04/2020,43.689999,44.400002,41.75,41.77,41.77,1310700
29/04/2020,43.029999,45.68,42.299999,45.549999,45.549999,1197800
30/04/2020,44.490002,44.900002,43.75,44.009998,44.009998,1367000
01/05/2020,42.5,43.400002,41.580002,41.98,41.98,1129700
04/05/2020,41.84,43.450001,41.32,43.400002,43.400002,1193200
05/05/2020,44.93,44.93,42.84,43.099998,43.099998,949900
06/05/2020,43.580002,44.599998,43.07,43.119999,43.119999,1165300
07/05/2020,43.599998,44.759998,43.470001,44.66,44.66,1295700
08/05/2020,45.400002,45.5,43.400002,44.16,44.16,2019600
11/05/2020,43.549999,44.060001,42.450001,42.869999,42.869999,1662000
12/05/2020,43.369999,43.400002,40.299999,40.349998,40.349998,1788900
13/05/2020,40.5,41.169998,39.009998,39.43,39.43,2191900
14/05/2020,38.799999,39.959999,37.919998,39.790001,39.790001,1272100
15/05/2020,38.720001,39.369999,38.59,39.369999,39.369999,1056800
18/05/2020,40.709999,42.490002,40.700001,42.369999,42.369999,2256000
19/05/2020,42.349998,44.970001,42.110001,43.23,43.23,1674800
20/05/2020,43.599998,45.029999,43.509998,43.939999,43.939999,965000
21/05/2020,43.77,44.700001,43.509998,43.759998,43.759998,865500
22/05/2020,43.919998,43.959999,43.18,43.470001,43.470001,569700
26/05/2020,45,46.830002,44.759998,46.560001,46.560001,1425300
27/05/2020,47.380001,47.599998,44.860001,46.610001,46.610001,1259200
28/05/2020,46.5,47.139999,45.27,45.52,45.52,1054800
29/05/2020,45.169998,46.779999,45.07,46.619999,46.619999,968600
01/06/2020,46.5,48.529999,46.259998,48.009998,48.009998,1083800
02/06/2020,48.099998,49.189999,47.540001,47.900002,47.900002,1187800
03/06/2020,49.110001,49.950001,48.310001,49.5,49.5,1200600
04/06/2020,49.549999,49.970001,49.25,49.610001,49.610001,1046300
05/06/2020,50,51.970001,50,51.380001,51.380001,1501500
08/06/2020,51.990002,54.5,51.650002,54.439999,54.439999,1110600
09/06/2020,53.599998,53.889999,52.049999,53.060001,53.060001,1057100
10/06/2020,53.060001,53.130001,51.060001,51.189999,51.189999,1015600
11/06/2020,49.540001,50.5,48.700001,48.939999,48.939999,1320500
12/06/2020,50.240002,50.509998,48.200001,49.419998,49.419998,1023700
15/06/2020,48.34,50.240002,47.869999,50.110001,50.110001,655000
16/06/2020,51.650002,52.02,50.59,51.310001,51.310001,793300
17/06/2020,51.830002,51.830002,49.82,49.900002,49.900002,840400
18/06/2020,49.720001,51.310001,49.52,50.470001,50.470001,627600
19/06/2020,51.279999,51.560001,50.119999,50.200001,50.200001,1223400
22/06/2020,50.209999,50.419998,49.299999,49.799999,49.799999,635400
23/06/2020,50.490002,52.299999,50.470001,51.919998,51.919998,1273400
24/06/2020,51.869999,51.869999,48.560001,49.080002,49.080002,1106600
25/06/2020,48.970001,50.419998,48.639999,50.380001,50.380001,817900
26/06/2020,50.369999,50.419998,48.689999,48.759998,48.759998,1169100
29/06/2020,49,50.110001,48.299999,49.610001,49.610001,1117900
30/06/2020,49.689999,50.34,48.970001,49.5,49.5,2231000
01/07/2020,49.279999,49.889999,49.040001,49.09,49.09,784300
02/07/2020,49.970001,50.990002,49.779999,49.880001,49.880001,890100
06/07/2020,50.790001,53.700001,50.5,53.41,53.41,3475500
07/07/2020,53.200001,53.57,52.349998,53.16,53.16,1248300
08/07/2020,53.369999,58.169998,53.130001,58.060001,58.060001,2939600
09/07/2020,58.5,59.57,55.900002,57.200001,57.200001,1977100
10/07/2020,58.450001,58.450001,56.34,57.490002,57.490002,828600
13/07/2020,57.91,59.610001,56.110001,56.209999,56.209999,1727200
14/07/2020,55.990002,61.830002,55.349998,61.779999,61.779999,3281200
15/07/2020,62.5,62.700001,58.990002,60.98,60.98,2796300
16/07/2020,60.43,60.93,58.540001,59.029999,59.029999,1794900
17/07/2020,59.389999,61.34,59.240002,61,61,1211200
20/07/2020,60.919998,63.68,60.610001,62.16,62.16,1626800
21/07/2020,62.66,62.84,59.889999,60.740002,60.740002,1428500
22/07/2020,60.610001,61.799999,60.360001,61.150002,61.150002,1114800
23/07/2020,61.900002,63.470001,60.77,62.5,62.5,1459400
24/07/2020,61.310001,62.369999,60.57,62.16,62.16,1150300
27/07/2020,60.84,62.470001,60.240002,62.259998,62.259998,1459700
28/07/2020,61.799999,62.09,59.580002,59.68,59.68,1659100
29/07/2020,60.040001,60.84,59.630001,60.110001,60.110001,851900
30/07/2020,59.560001,59.950001,58.509998,59.700001,59.700001,1077800
31/07/2020,60.060001,60.150002,58.34,59.549999,59.549999,730400
03/08/2020,60,61.009998,59.290001,60.84,60.84,774400
04/08/2020,61.689999,64.230003,61.200001,64.040001,64.040001,1516000
05/08/2020,63.330002,65.739998,62.450001,65.730003,65.730003,1321000
06/08/2020,64.860001,65.360001,63.130001,64.459999,64.459999,1497700
07/08/2020,69.099998,78.540001,68.949997,72.93,72.93,5480800
10/08/2020,72.93,74.989998,71.349998,72.5,72.5,2546900
11/08/2020,72.830002,72.849998,69.5,70.190002,70.190002,2106900
12/08/2020,70.089996,74.940002,69.639999,73.529999,73.529999,1667400
13/08/2020,73.239998,76.529999,73.150002,75.709999,75.709999,1883500
14/08/2020,75.709999,76.199997,74.019997,74.309998,74.309998,1118400
17/08/2020,75.239998,75.489998,73.279999,73.610001,73.610001,1061000
18/08/2020,73.910004,74.919998,72.82,74.410004,74.410004,1247900
19/08/2020,74.589996,77.5,74.529999,75.849998,75.849998,1412600
20/08/2020,74.940002,75.599998,73.43,73.660004,73.660004,1116700
21/08/2020,73.93,74.900002,73.330002,74.099998,74.099998,748900
24/08/2020,74.800003,76.769997,74.080002,76.519997,76.519997,1728000
25/08/2020,77.32,78.169998,74.739998,77.370003,77.370003,1653700
26/08/2020,78.209999,80.089996,76.940002,78.190002,78.190002,1400600
27/08/2020,78.190002,79.949997,77.010002,77.610001,77.610001,1085600
28/08/2020,78.25,81.870003,77.599998,80,80,1871100
31/08/2020,80,80.839996,76.160004,76.589996,76.589996,2491500
01/09/2020,76.610001,78.489998,76.440002,78.419998,78.419998,1076500
02/09/2020,79.080002,79.160004,75.830002,77.449997,77.449997,1058500
03/09/2020,76.489998,76.489998,71.5,72.5,72.5,2284700
04/09/2020,72.5,73.330002,67.410004,72.059998,72.059998,1725700
08/09/2020,69.459999,71.919998,68.269997,69.370003,69.370003,1504400
09/09/2020,70.739998,72.129997,70,71.699997,71.699997,1074000
10/09/2020,72.389999,73.019997,69.529999,69.889999,69.889999,860300
11/09/2020,70.919998,71.93,69.669998,69.910004,69.910004,1058500
14/09/2020,71.050003,71.730003,70.099998,71.459999,71.459999,631900
15/09/2020,72.559998,74.050003,72.029999,72.889999,72.889999,1155800
16/09/2020,73.779999,74.739998,71.620003,71.959999,71.959999,1514400
17/09/2020,66.029999,66.790001,63.610001,64,64,11380700
18/09/2020,64.18,64.790001,61,61.75,61.75,4974300
21/09/2020,60.48,62.299999,60.25,61.669998,61.669998,3434900
22/09/2020,62.16,62.200001,60.560001,61.549999,61.549999,1932700
23/09/2020,62.07,63.84,61.799999,62.02,62.02,2784900
24/09/2020,61.200001,62.200001,59.52,61.299999,61.299999,2069900
25/09/2020,61.25,63.560001,60.400002,63.049999,63.049999,3341600
28/09/2020,64.260002,65.580002,63.93,65.370003,65.370003,1780900
29/09/2020,65.5,66,64.699997,65.760002,65.760002,1702000
30/09/2020,65.800003,68.139999,65.650002,66.199997,66.199997,2893200
01/10/2020,67.269997,68.879997,66.779999,68.57,68.57,2273700
02/10/2020,67.010002,69.32,66.709999,67.239998,67.239998,1329300
05/10/2020,68.550003,71.779999,68.290001,71.5,71.5,2348800
06/10/2020,72.580002,75.57,71.800003,73.440002,73.440002,2498700
07/10/2020,75.410004,81.239998,75,78.709999,78.709999,5287200
08/10/2020,80.5,80.599998,76.5,77.120003,77.120003,3179200
09/10/2020,77.330002,81.43,76.879997,78.809998,78.809998,3005900
12/10/2020,81.970001,83.300003,77.309998,79.309998,79.309998,3802500
13/10/2020,79.019997,84.449997,78.489998,82.93,82.93,3583300
14/10/2020,84.160004,85.660004,82.57,83.720001,83.720001,2612100
15/10/2020,80.709999,82.849998,78.690002,82.279999,82.279999,2541800
16/10/2020,82.639999,85.5,81.639999,84.18,84.18,3270600
19/10/2020,84.169998,87.440002,82.849998,83.43,83.43,3224400
20/10/2020,84.730003,86.580002,82.940002,84.300003,84.300003,2405600
21/10/2020,85.470001,87.410004,81.290001,81.599998,81.599998,3169700
22/10/2020,81.800003,83.360001,80.150002,82.650002,82.650002,2473200
23/10/2020,83.400002,86.239998,82.800003,85.370003,85.370003,2368600
26/10/2020,82.650002,85.110001,80.669998,83.75,83.75,3550500
27/10/2020,83.120003,84.510002,81.449997,82.389999,82.389999,3841700
28/10/2020,92.330002,97.93,90.209999,93.309998,93.309998,14681900
29/10/2020,91.150002,92.879997,86.75,87.459999,87.459999,5460300
30/10/2020,86.839996,88.099998,81.709999,87.050003,87.050003,5663600
02/11/2020,89,90.879997,87.199997,88.889999,88.889999,3388000
03/11/2020,89.519997,90.720001,85,87.239998,87.239998,4308500
04/11/2020,82.260002,83.540001,77.769997,79.779999,79.779999,9425600
05/11/2020,82.309998,88.660004,82.010002,86.900002,86.900002,5866200
06/11/2020,88.75,90.730003,86.339996,88.269997,88.269997,4309400
09/11/2020,95.720001,95.720001,86.050003,86.110001,86.110001,4033300
10/11/2020,83.5,86,79.779999,80.75,80.75,3889900
11/11/2020,82.040001,85.5,82,84.199997,84.199997,2373800
12/11/2020,84.790001,85,80.699997,81.400002,81.400002,2132100
13/11/2020,82.290001,82.980003,79.760002,79.949997,79.949997,2460400
16/11/2020,80.800003,82.25,79.050003,80.209999,80.209999,2796000
17/11/2020,80.150002,81.779999,79.269997,81.480003,81.480003,2340600
18/11/2020,82.269997,83.82,80.339996,81.989998,81.989998,2634900
19/11/2020,81.459999,85.769997,81.449997,84.059998,84.059998,2671200
20/11/2020,85.25,86.419998,83.370003,84.690002,84.690002,1983400
23/11/2020,85.75,87.349998,84.120003,86.919998,86.919998,3109300
24/11/2020,89.510002,91.5,86.309998,90.410004,90.410004,2648500
25/11/2020,89.839996,93,89.510002,92.449997,92.449997,2241800
27/11/2020,95,97.580002,93.68,94.699997,94.699997,2123700
30/11/2020,96.870003,98.459999,90.599998,93.43,93.43,2733500
01/12/2020,90.879997,93.400002,90.059998,91.059998,91.059998,2782300
02/12/2020,89.919998,91.459999,87.260002,90.489998,90.489998,1931200
03/12/2020,90.989998,92.730003,88.510002,88.919998,88.919998,2588500
04/12/2020,89.949997,91.559998,88.470001,89.260002,89.260002,1793800
07/12/2020,89.949997,90.849998,88.209999,88.75,88.75,1861000
08/12/2020,88.739998,90.389999,88.699997,89.889999,89.889999,1339200
09/12/2020,91.209999,91.339996,85.220001,86.220001,86.220001,1851900
10/12/2020,85.900002,87.739998,85.610001,86.540001,86.540001,1159400
11/12/2020,85.660004,87.919998,85.400002,86.370003,86.370003,1429100
14/12/2020,87.239998,88.25,86.199997,86.589996,86.589996,1824900
15/12/2020,85.5,91.300003,84.769997,91.260002,91.260002,4302700
16/12/2020,91.269997,93.18,89.360001,91.769997,91.769997,2259900
17/12/2020,92.949997,93.389999,91.010002,92.32,92.32,1535000
18/12/2020,93.339996,95.489998,92.32,93.589996,93.589996,4009600
21/12/2020,92.400002,96.529999,91.839996,96.410004,96.410004,1997200
22/12/2020,98.220001,106.040001,98,105.160004,105.160004,4852500
23/12/2020,107.370003,109.089996,101.339996,101.830002,101.830002,2944000
24/12/2020,101.830002,103.290001,99.690002,102.400002,102.400002,1340600
28/12/2020,104.860001,108.529999,100.540001,101.190002,101.190002,3131700
29/12/2020,101.410004,101.730003,95.269997,96.980003,96.980003,2150600
30/12/2020,98.239998,101.650002,97.989998,100.339996,100.339996,1727500
